TimeSeries ID,instance/network/received_bytes_count.gce_instance.ALIGN_RATE.REDUCE_SUM.metric.type="compute.googleapis.com/instance/network/received_bytes_count" resource.type="gce_instance" resource.labels."instance_id"="987861714045355492" resource.labels."zone"="europe-west4-b" AND resource.labels."project_id"="ddls-owen-gombas".60s.project_id:ddls-owen-gombas.instance_name:instance-20240521-124408
instance_name,instance-20240521-124408
project_id,ddls-owen-gombas
Tue May 21 2024 18:48:00 GMT+0200 (Central European Summer Time),496950.11666666664
Tue May 21 2024 18:49:00 GMT+0200 (Central European Summer Time),918383.25
Tue May 21 2024 18:50:00 GMT+0200 (Central European Summer Time),983962.1333333333
Tue May 21 2024 18:51:00 GMT+0200 (Central European Summer Time),660650.5333333333
Tue May 21 2024 18:52:00 GMT+0200 (Central European Summer Time),487760.25
Tue May 21 2024 18:53:00 GMT+0200 (Central European Summer Time),452459.48333333334
Tue May 21 2024 18:54:00 GMT+0200 (Central European Summer Time),450092.51666666666
Tue May 21 2024 18:55:00 GMT+0200 (Central European Summer Time),488244.7833333333
Tue May 21 2024 18:56:00 GMT+0200 (Central European Summer Time),454805.7833333333
Tue May 21 2024 18:57:00 GMT+0200 (Central European Summer Time),469215.0333333333
Tue May 21 2024 18:58:00 GMT+0200 (Central European Summer Time),853345.1166666667
Tue May 21 2024 18:59:00 GMT+0200 (Central European Summer Time),938049.9
Tue May 21 2024 19:00:00 GMT+0200 (Central European Summer Time),960002.2666666667
Tue May 21 2024 19:01:00 GMT+0200 (Central European Summer Time),640891.4
Tue May 21 2024 19:02:00 GMT+0200 (Central European Summer Time),485647.4666666667
Tue May 21 2024 19:03:00 GMT+0200 (Central European Summer Time),452524.5333333333
Tue May 21 2024 19:04:00 GMT+0200 (Central European Summer Time),469239.51666666666
Tue May 21 2024 19:05:00 GMT+0200 (Central European Summer Time),471535.38333333336
Tue May 21 2024 19:06:00 GMT+0200 (Central European Summer Time),446105.2
Tue May 21 2024 19:07:00 GMT+0200 (Central European Summer Time),455433.45
Tue May 21 2024 19:08:00 GMT+0200 (Central European Summer Time),469933.95
Tue May 21 2024 19:09:00 GMT+0200 (Central European Summer Time),452447.95
Tue May 21 2024 19:10:00 GMT+0200 (Central European Summer Time),488154.88333333336
Tue May 21 2024 19:11:00 GMT+0200 (Central European Summer Time),435779.35
Tue May 21 2024 19:12:00 GMT+0200 (Central European Summer Time),466859.5333333333
Tue May 21 2024 19:13:00 GMT+0200 (Central European Summer Time),471493.93333333335
Tue May 21 2024 19:14:00 GMT+0200 (Central European Summer Time),452463.65
Tue May 21 2024 19:15:00 GMT+0200 (Central European Summer Time),469185.2
Tue May 21 2024 19:16:00 GMT+0200 (Central European Summer Time),471531.05
Tue May 21 2024 19:17:00 GMT+0200 (Central European Summer Time),452442.2
Tue May 21 2024 19:18:00 GMT+0200 (Central European Summer Time),469163.5833333333
Tue May 21 2024 19:19:00 GMT+0200 (Central European Summer Time),453731.88333333336
Tue May 21 2024 19:20:00 GMT+0200 (Central European Summer Time),468197.88333333336
Tue May 21 2024 19:21:00 GMT+0200 (Central European Summer Time),471082.8
Tue May 21 2024 19:22:00 GMT+0200 (Central European Summer Time),452449.3333333333
Tue May 21 2024 19:23:00 GMT+0200 (Central European Summer Time),469216.01666666666
Tue May 21 2024 19:24:00 GMT+0200 (Central European Summer Time),471503.7
Tue May 21 2024 19:25:00 GMT+0200 (Central European Summer Time),452526.9
Tue May 21 2024 19:26:00 GMT+0200 (Central European Summer Time),469209.4666666667
Tue May 21 2024 19:27:00 GMT+0200 (Central European Summer Time),471558.2
Tue May 21 2024 19:28:00 GMT+0200 (Central European Summer Time),452468.55
Tue May 21 2024 19:29:00 GMT+0200 (Central European Summer Time),469176.2166666667
Tue May 21 2024 19:30:00 GMT+0200 (Central European Summer Time),471582.2833333333
Tue May 21 2024 19:31:00 GMT+0200 (Central European Summer Time),452449.13333333336
Tue May 21 2024 19:32:00 GMT+0200 (Central European Summer Time),812545.1833333333
Tue May 21 2024 19:33:00 GMT+0200 (Central European Summer Time),875834.3833333333
Tue May 21 2024 19:34:00 GMT+0200 (Central European Summer Time),839317.2333333333
Tue May 21 2024 19:35:00 GMT+0200 (Central European Summer Time),854660.9333333333
Tue May 21 2024 19:36:00 GMT+0200 (Central European Summer Time),895018.05
Tue May 21 2024 19:37:00 GMT+0200 (Central European Summer Time),985006.6333333333
Tue May 21 2024 19:38:00 GMT+0200 (Central European Summer Time),872164.7166666667
Tue May 21 2024 19:39:00 GMT+0200 (Central European Summer Time),646924.5166666667
Tue May 21 2024 19:40:00 GMT+0200 (Central European Summer Time),468914.8
Tue May 21 2024 19:41:00 GMT+0200 (Central European Summer Time),469166.15
Tue May 21 2024 19:42:00 GMT+0200 (Central European Summer Time),452471.93333333335
Tue May 21 2024 19:43:00 GMT+0200 (Central European Summer Time),774314.9833333333
Tue May 21 2024 19:44:00 GMT+0200 (Central European Summer Time),832941.7333333333
Tue May 21 2024 19:45:00 GMT+0200 (Central European Summer Time),644650.0833333334
Tue May 21 2024 19:46:00 GMT+0200 (Central European Summer Time),487878.48333333334
Tue May 21 2024 19:47:00 GMT+0200 (Central European Summer Time),681287.1333333333
Tue May 21 2024 19:48:00 GMT+0200 (Central European Summer Time),821394.1666666666
Tue May 21 2024 19:49:00 GMT+0200 (Central European Summer Time),644864.8
Tue May 21 2024 19:50:00 GMT+0200 (Central European Summer Time),487581.45
Tue May 21 2024 19:51:00 GMT+0200 (Central European Summer Time),452419.1666666667
Tue May 21 2024 19:52:00 GMT+0200 (Central European Summer Time),469142.11666666664
Tue May 21 2024 19:53:00 GMT+0200 (Central European Summer Time),452502.06666666665
Tue May 21 2024 19:54:00 GMT+0200 (Central European Summer Time),760860.9
Tue May 21 2024 19:55:00 GMT+0200 (Central European Summer Time),842923.6
Tue May 21 2024 19:56:00 GMT+0200 (Central European Summer Time),628849.1333333333
Tue May 21 2024 19:57:00 GMT+0200 (Central European Summer Time),485765.5
Tue May 21 2024 19:58:00 GMT+0200 (Central European Summer Time),471864.6
Tue May 21 2024 19:59:00 GMT+0200 (Central European Summer Time),452993
Tue May 21 2024 20:00:00 GMT+0200 (Central European Summer Time),794066.9833333333
Tue May 21 2024 20:01:00 GMT+0200 (Central European Summer Time),817250.45
Tue May 21 2024 20:02:00 GMT+0200 (Central European Summer Time),833428.0333333333
Tue May 21 2024 20:03:00 GMT+0200 (Central European Summer Time),625577.25
Tue May 21 2024 20:04:00 GMT+0200 (Central European Summer Time),485331.11666666664
Tue May 21 2024 20:05:00 GMT+0200 (Central European Summer Time),452355.93333333335
Tue May 21 2024 20:06:00 GMT+0200 (Central European Summer Time),469219.5
Tue May 21 2024 20:07:00 GMT+0200 (Central European Summer Time),452498.26666666666
Tue May 21 2024 20:08:00 GMT+0200 (Central European Summer Time),469234.75
Tue May 21 2024 20:09:00 GMT+0200 (Central European Summer Time),471531.9166666667
Tue May 21 2024 20:10:00 GMT+0200 (Central European Summer Time),450294.48333333334
Tue May 21 2024 20:11:00 GMT+0200 (Central European Summer Time),452134.9666666667
Tue May 21 2024 20:12:00 GMT+0200 (Central European Summer Time),450463.4
Tue May 21 2024 20:13:00 GMT+0200 (Central European Summer Time),469184.6666666667
Tue May 21 2024 20:14:00 GMT+0200 (Central European Summer Time),490581.01666666666
Tue May 21 2024 20:15:00 GMT+0200 (Central European Summer Time),454820.5833333333
Tue May 21 2024 20:16:00 GMT+0200 (Central European Summer Time),450179.5
Tue May 21 2024 20:17:00 GMT+0200 (Central European Summer Time),622268.4833333333
Tue May 21 2024 20:18:00 GMT+0200 (Central European Summer Time),776559.0833333334
Tue May 21 2024 20:19:00 GMT+0200 (Central European Summer Time),792352.15
Tue May 21 2024 20:20:00 GMT+0200 (Central European Summer Time),640044.6666666666
Tue May 21 2024 20:21:00 GMT+0200 (Central European Summer Time),774226.7
Tue May 21 2024 20:22:00 GMT+0200 (Central European Summer Time),793162.4
Tue May 21 2024 20:23:00 GMT+0200 (Central European Summer Time),773933.9833333333
Tue May 21 2024 20:24:00 GMT+0200 (Central European Summer Time),542403.6
Tue May 21 2024 20:25:00 GMT+0200 (Central European Summer Time),476467.9166666667
Tue May 21 2024 20:26:00 GMT+0200 (Central European Summer Time),739133.3666666667
Tue May 21 2024 20:27:00 GMT+0200 (Central European Summer Time),735652.9666666667
Tue May 21 2024 20:28:00 GMT+0200 (Central European Summer Time),631149.5166666667
Tue May 21 2024 20:29:00 GMT+0200 (Central European Summer Time),487649.45
Tue May 21 2024 20:30:00 GMT+0200 (Central European Summer Time),452542.61666666664
Tue May 21 2024 20:31:00 GMT+0200 (Central European Summer Time),469235.13333333336
Tue May 21 2024 20:32:00 GMT+0200 (Central European Summer Time),452476.68333333335
Tue May 21 2024 20:33:00 GMT+0200 (Central European Summer Time),469263.3333333333
Tue May 21 2024 20:34:00 GMT+0200 (Central European Summer Time),452191.36666666664
Tue May 21 2024 20:35:00 GMT+0200 (Central European Summer Time),469380.7
Tue May 21 2024 20:36:00 GMT+0200 (Central European Summer Time),720049.3333333334
Tue May 21 2024 20:37:00 GMT+0200 (Central European Summer Time),750160.6
Tue May 21 2024 20:38:00 GMT+0200 (Central European Summer Time),635421.2333333333
Tue May 21 2024 20:39:00 GMT+0200 (Central European Summer Time),487904.98333333334
Tue May 21 2024 20:40:00 GMT+0200 (Central European Summer Time),471582.43333333335
Tue May 21 2024 20:41:00 GMT+0200 (Central European Summer Time),452486.98333333334
Tue May 21 2024 20:42:00 GMT+0200 (Central European Summer Time),469266.35
Tue May 21 2024 20:43:00 GMT+0200 (Central European Summer Time),471555.3
Tue May 21 2024 20:44:00 GMT+0200 (Central European Summer Time),567343.0333333333
Tue May 21 2024 20:45:00 GMT+0200 (Central European Summer Time),731759.8
Tue May 21 2024 20:46:00 GMT+0200 (Central European Summer Time),750173.4
Tue May 21 2024 20:47:00 GMT+0200 (Central European Summer Time),616077.8166666667
Tue May 21 2024 20:48:00 GMT+0200 (Central European Summer Time),485503.56666666665
Tue May 21 2024 20:49:00 GMT+0200 (Central European Summer Time),471713.48333333334
Tue May 21 2024 20:50:00 GMT+0200 (Central European Summer Time),452516.5833333333
Tue May 21 2024 20:51:00 GMT+0200 (Central European Summer Time),469191.9666666667
Tue May 21 2024 20:52:00 GMT+0200 (Central European Summer Time),471562.65
Tue May 21 2024 20:53:00 GMT+0200 (Central European Summer Time),452462
Tue May 21 2024 20:54:00 GMT+0200 (Central European Summer Time),450129.4
Tue May 21 2024 20:55:00 GMT+0200 (Central European Summer Time),469252.9666666667
Tue May 21 2024 20:56:00 GMT+0200 (Central European Summer Time),452501.8
Tue May 21 2024 20:57:00 GMT+0200 (Central European Summer Time),469213.81666666665
Tue May 21 2024 20:58:00 GMT+0200 (Central European Summer Time),471533.35
Tue May 21 2024 20:59:00 GMT+0200 (Central European Summer Time),471530.31666666665
Tue May 21 2024 21:00:00 GMT+0200 (Central European Summer Time),454100.85
Tue May 21 2024 21:01:00 GMT+0200 (Central European Summer Time),467790.86666666664
Tue May 21 2024 21:02:00 GMT+0200 (Central European Summer Time),452595.0833333333
Tue May 21 2024 21:03:00 GMT+0200 (Central European Summer Time),660158.2333333333
Tue May 21 2024 21:04:00 GMT+0200 (Central European Summer Time),724393.6666666666
Tue May 21 2024 21:05:00 GMT+0200 (Central European Summer Time),709916.7
Tue May 21 2024 21:06:00 GMT+0200 (Central European Summer Time),726434.55
Tue May 21 2024 21:07:00 GMT+0200 (Central European Summer Time),614003.2833333333
Tue May 21 2024 21:08:00 GMT+0200 (Central European Summer Time),485561.4
Tue May 21 2024 21:09:00 GMT+0200 (Central European Summer Time),471535.11666666664
Tue May 21 2024 21:10:00 GMT+0200 (Central European Summer Time),452504.5333333333
Tue May 21 2024 21:11:00 GMT+0200 (Central European Summer Time),469236.65
Tue May 21 2024 21:12:00 GMT+0200 (Central European Summer Time),682074.8666666667
Tue May 21 2024 21:13:00 GMT+0200 (Central European Summer Time),726410
Tue May 21 2024 21:14:00 GMT+0200 (Central European Summer Time),633029.25
Tue May 21 2024 21:15:00 GMT+0200 (Central European Summer Time),679192.25
Tue May 21 2024 21:16:00 GMT+0200 (Central European Summer Time),723264.8166666667
Tue May 21 2024 21:17:00 GMT+0200 (Central European Summer Time),596978.8166666667
Tue May 21 2024 21:18:00 GMT+0200 (Central European Summer Time),481218.5
Tue May 21 2024 21:19:00 GMT+0200 (Central European Summer Time),452311.1666666667
Tue May 21 2024 21:20:00 GMT+0200 (Central European Summer Time),469238.55
Tue May 21 2024 21:21:00 GMT+0200 (Central European Summer Time),471547.7
Tue May 21 2024 21:22:00 GMT+0200 (Central European Summer Time),567174.45
Tue May 21 2024 21:23:00 GMT+0200 (Central European Summer Time),674632.8166666667
Tue May 21 2024 21:24:00 GMT+0200 (Central European Summer Time),688139.4166666666
Tue May 21 2024 21:25:00 GMT+0200 (Central European Summer Time),665136.7
Tue May 21 2024 21:26:00 GMT+0200 (Central European Summer Time),625840.6166666667
Tue May 21 2024 21:27:00 GMT+0200 (Central European Summer Time),564998.5333333333
Tue May 21 2024 21:28:00 GMT+0200 (Central European Summer Time),672188.4166666666
Tue May 21 2024 21:29:00 GMT+0200 (Central European Summer Time),666564.0333333333
Tue May 21 2024 21:30:00 GMT+0200 (Central European Summer Time),615277.4
Tue May 21 2024 21:31:00 GMT+0200 (Central European Summer Time),497150.31666666665
Tue May 21 2024 21:32:00 GMT+0200 (Central European Summer Time),453728.31666666665
Tue May 21 2024 21:33:00 GMT+0200 (Central European Summer Time),469229.3
Tue May 21 2024 21:34:00 GMT+0200 (Central European Summer Time),452516.3333333333
Tue May 21 2024 21:35:00 GMT+0200 (Central European Summer Time),450167.5333333333
Tue May 21 2024 21:36:00 GMT+0200 (Central European Summer Time),469211.26666666666
Tue May 21 2024 21:37:00 GMT+0200 (Central European Summer Time),471495.43333333335
Tue May 21 2024 21:38:00 GMT+0200 (Central European Summer Time),452615.98333333334
Tue May 21 2024 21:39:00 GMT+0200 (Central European Summer Time),469241.73333333334
Tue May 21 2024 21:40:00 GMT+0200 (Central European Summer Time),452529.01666666666
Tue May 21 2024 21:41:00 GMT+0200 (Central European Summer Time),469238.51666666666
Tue May 21 2024 21:42:00 GMT+0200 (Central European Summer Time),471559.6
Tue May 21 2024 21:43:00 GMT+0200 (Central European Summer Time),452520.61666666664
Tue May 21 2024 21:44:00 GMT+0200 (Central European Summer Time),469190.36666666664
Tue May 21 2024 21:45:00 GMT+0200 (Central European Summer Time),452249.86666666664
Tue May 21 2024 21:46:00 GMT+0200 (Central European Summer Time),469161.85
Tue May 21 2024 21:47:00 GMT+0200 (Central European Summer Time),471550.2166666667
Tue May 21 2024 21:48:00 GMT+0200 (Central European Summer Time),452507.56666666665
Tue May 21 2024 21:49:00 GMT+0200 (Central European Summer Time),469265.93333333335
Tue May 21 2024 21:50:00 GMT+0200 (Central European Summer Time),471693.61666666664
Tue May 21 2024 21:51:00 GMT+0200 (Central European Summer Time),452511.9
Tue May 21 2024 21:52:00 GMT+0200 (Central European Summer Time),469250.0333333333
Tue May 21 2024 21:53:00 GMT+0200 (Central European Summer Time),452504.8
Tue May 21 2024 21:54:00 GMT+0200 (Central European Summer Time),469285.9166666667
Tue May 21 2024 21:55:00 GMT+0200 (Central European Summer Time),472120.45
Tue May 21 2024 21:56:00 GMT+0200 (Central European Summer Time),452840.23333333334
Tue May 21 2024 21:57:00 GMT+0200 (Central European Summer Time),469290.61666666664
Tue May 21 2024 21:58:00 GMT+0200 (Central European Summer Time),452538.86666666664
Tue May 21 2024 21:59:00 GMT+0200 (Central European Summer Time),469255.9666666667
Tue May 21 2024 22:00:00 GMT+0200 (Central European Summer Time),452249.88333333336
Tue May 21 2024 22:01:00 GMT+0200 (Central European Summer Time),469208.15
Tue May 21 2024 22:02:00 GMT+0200 (Central European Summer Time),471566.25
Tue May 21 2024 22:03:00 GMT+0200 (Central European Summer Time),452484.56666666665
Tue May 21 2024 22:04:00 GMT+0200 (Central European Summer Time),469227
Tue May 21 2024 22:05:00 GMT+0200 (Central European Summer Time),452524.76666666666
Tue May 21 2024 22:06:00 GMT+0200 (Central European Summer Time),469228.5
Tue May 21 2024 22:07:00 GMT+0200 (Central European Summer Time),471594.9166666667
Tue May 21 2024 22:08:00 GMT+0200 (Central European Summer Time),452522.56666666665
Tue May 21 2024 22:09:00 GMT+0200 (Central European Summer Time),469245.06666666665
Tue May 21 2024 22:10:00 GMT+0200 (Central European Summer Time),471568.63333333336
Tue May 21 2024 22:11:00 GMT+0200 (Central European Summer Time),452476.9666666667
Tue May 21 2024 22:12:00 GMT+0200 (Central European Summer Time),469236.7833333333
Tue May 21 2024 22:13:00 GMT+0200 (Central European Summer Time),452491.5
Tue May 21 2024 22:14:00 GMT+0200 (Central European Summer Time),469004.36666666664
Tue May 21 2024 22:15:00 GMT+0200 (Central European Summer Time),471473.93333333335
Tue May 21 2024 22:16:00 GMT+0200 (Central European Summer Time),452512.8333333333
Tue May 21 2024 22:17:00 GMT+0200 (Central European Summer Time),469266.8333333333
Tue May 21 2024 22:18:00 GMT+0200 (Central European Summer Time),452522.95
Tue May 21 2024 22:19:00 GMT+0200 (Central European Summer Time),469260.13333333336
Tue May 21 2024 22:20:00 GMT+0200 (Central European Summer Time),471883.3
Tue May 21 2024 22:21:00 GMT+0200 (Central European Summer Time),453211.18333333335
Tue May 21 2024 22:22:00 GMT+0200 (Central European Summer Time),469629.5
Tue May 21 2024 22:23:00 GMT+0200 (Central European Summer Time),452600.5333333333
Tue May 21 2024 22:24:00 GMT+0200 (Central European Summer Time),469223.2
Tue May 21 2024 22:25:00 GMT+0200 (Central European Summer Time),471577.7
Tue May 21 2024 22:26:00 GMT+0200 (Central European Summer Time),452489.0833333333
Tue May 21 2024 22:27:00 GMT+0200 (Central European Summer Time),469261.76666666666
Tue May 21 2024 22:28:00 GMT+0200 (Central European Summer Time),452529.36666666664
Tue May 21 2024 22:29:00 GMT+0200 (Central European Summer Time),468963.15
Tue May 21 2024 22:30:00 GMT+0200 (Central European Summer Time),471526.81666666665
Tue May 21 2024 22:31:00 GMT+0200 (Central European Summer Time),452695.9
Tue May 21 2024 22:32:00 GMT+0200 (Central European Summer Time),431281.0333333333
Tue May 21 2024 22:33:00 GMT+0200 (Central European Summer Time),485990.11666666664
Tue May 21 2024 22:34:00 GMT+0200 (Central European Summer Time),290760.0333333333
Tue May 21 2024 22:35:00 GMT+0200 (Central European Summer Time),29737.283333333333
Tue May 21 2024 22:36:00 GMT+0200 (Central European Summer Time),458437.63333333336
Tue May 21 2024 22:37:00 GMT+0200 (Central European Summer Time),590660.9
Tue May 21 2024 22:38:00 GMT+0200 (Central European Summer Time),618755.6833333333
Tue May 21 2024 22:39:00 GMT+0200 (Central European Summer Time),602194.9
Tue May 21 2024 22:40:00 GMT+0200 (Central European Summer Time),618821.9
Tue May 21 2024 22:41:00 GMT+0200 (Central European Summer Time),487741.93333333335
Tue May 21 2024 22:42:00 GMT+0200 (Central European Summer Time),471383.9166666667
Tue May 21 2024 22:43:00 GMT+0200 (Central European Summer Time),471077.5833333333
Tue May 21 2024 22:44:00 GMT+0200 (Central European Summer Time),452335.3
Tue May 21 2024 22:45:00 GMT+0200 (Central European Summer Time),469069.61666666664
Tue May 21 2024 22:46:00 GMT+0200 (Central European Summer Time),433231.2833333333
Tue May 21 2024 22:47:00 GMT+0200 (Central European Summer Time),485801.93333333335
Tue May 21 2024 22:48:00 GMT+0200 (Central European Summer Time),473703.4166666667
Tue May 21 2024 22:49:00 GMT+0200 (Central European Summer Time),452303.75
Tue May 21 2024 22:50:00 GMT+0200 (Central European Summer Time),469229.86666666664
Tue May 21 2024 22:51:00 GMT+0200 (Central European Summer Time),452401.05
Tue May 21 2024 22:52:00 GMT+0200 (Central European Summer Time),469057.85
Tue May 21 2024 22:53:00 GMT+0200 (Central European Summer Time),471388.88333333336
Tue May 21 2024 22:54:00 GMT+0200 (Central European Summer Time),452317.3333333333
Tue May 21 2024 22:55:00 GMT+0200 (Central European Summer Time),469094.93333333335
Tue May 21 2024 22:56:00 GMT+0200 (Central European Summer Time),452342.76666666666
Tue May 21 2024 22:57:00 GMT+0200 (Central European Summer Time),468998.48333333334
Tue May 21 2024 22:58:00 GMT+0200 (Central European Summer Time),470990.45
Tue May 21 2024 22:59:00 GMT+0200 (Central European Summer Time),452366.7833333333
Tue May 21 2024 23:00:00 GMT+0200 (Central European Summer Time),553913.3166666667
Tue May 21 2024 23:01:00 GMT+0200 (Central European Summer Time),500813.6666666667
Tue May 21 2024 23:02:00 GMT+0200 (Central European Summer Time),473614.45
Tue May 21 2024 23:03:00 GMT+0200 (Central European Summer Time),452388.2166666667
Tue May 21 2024 23:04:00 GMT+0200 (Central European Summer Time),469104.1
Tue May 21 2024 23:05:00 GMT+0200 (Central European Summer Time),471417.06666666665
Tue May 21 2024 23:06:00 GMT+0200 (Central European Summer Time),452349.23333333334
Tue May 21 2024 23:07:00 GMT+0200 (Central European Summer Time),469054.5333333333
Tue May 21 2024 23:08:00 GMT+0200 (Central European Summer Time),452341.68333333335
Tue May 21 2024 23:09:00 GMT+0200 (Central European Summer Time),564345.95
Tue May 21 2024 23:10:00 GMT+0200 (Central European Summer Time),597423.7
Tue May 21 2024 23:11:00 GMT+0200 (Central European Summer Time),599695.3833333333
Tue May 21 2024 23:12:00 GMT+0200 (Central European Summer Time),580319.1666666666
Tue May 21 2024 23:13:00 GMT+0200 (Central European Summer Time),502029.13333333336
Tue May 21 2024 23:14:00 GMT+0200 (Central European Summer Time),473712.36666666664
Tue May 21 2024 23:15:00 GMT+0200 (Central European Summer Time),452297.6666666667
Tue May 21 2024 23:16:00 GMT+0200 (Central European Summer Time),583438.9166666666
Tue May 21 2024 23:17:00 GMT+0200 (Central European Summer Time),580720.9833333333
Tue May 21 2024 23:18:00 GMT+0200 (Central European Summer Time),597398.9333333333
Tue May 21 2024 23:19:00 GMT+0200 (Central European Summer Time),580714.1666666666
Tue May 21 2024 23:20:00 GMT+0200 (Central European Summer Time),578393.9
Tue May 21 2024 23:21:00 GMT+0200 (Central European Summer Time),597378.25
Tue May 21 2024 23:22:00 GMT+0200 (Central European Summer Time),580601.1166666667
Tue May 21 2024 23:23:00 GMT+0200 (Central European Summer Time),578193.5333333333
Tue May 21 2024 23:24:00 GMT+0200 (Central European Summer Time),559330.4833333333
Tue May 21 2024 23:25:00 GMT+0200 (Central European Summer Time),556687.2166666667
Tue May 21 2024 23:26:00 GMT+0200 (Central European Summer Time),575957.05
Tue May 21 2024 23:27:00 GMT+0200 (Central European Summer Time),578275.55
Tue May 21 2024 23:28:00 GMT+0200 (Central European Summer Time),578334.3
Tue May 21 2024 23:29:00 GMT+0200 (Central European Summer Time),578371.3666666667
Tue May 21 2024 23:30:00 GMT+0200 (Central European Summer Time),578367.7666666667
Tue May 21 2024 23:31:00 GMT+0200 (Central European Summer Time),578399.7166666667
Tue May 21 2024 23:32:00 GMT+0200 (Central European Summer Time),578406.7666666667
Tue May 21 2024 23:33:00 GMT+0200 (Central European Summer Time),559328
Tue May 21 2024 23:34:00 GMT+0200 (Central European Summer Time),576099.2666666667
Tue May 21 2024 23:35:00 GMT+0200 (Central European Summer Time),578423.5333333333
Tue May 21 2024 23:36:00 GMT+0200 (Central European Summer Time),540220.7666666667
Tue May 21 2024 23:37:00 GMT+0200 (Central European Summer Time),554703.0333333333
Tue May 21 2024 23:38:00 GMT+0200 (Central European Summer Time),556999.3
Tue May 21 2024 23:39:00 GMT+0200 (Central European Summer Time),556671.8333333334
Tue May 21 2024 23:40:00 GMT+0200 (Central European Summer Time),575957.95
Tue May 21 2024 23:41:00 GMT+0200 (Central European Summer Time),559328.9833333333
Tue May 21 2024 23:42:00 GMT+0200 (Central European Summer Time),557032.1833333333
Tue May 21 2024 23:43:00 GMT+0200 (Central European Summer Time),557037.4833333333
Tue May 21 2024 23:44:00 GMT+0200 (Central European Summer Time),576063.4833333333
Tue May 21 2024 23:45:00 GMT+0200 (Central European Summer Time),559371.8666666667
Tue May 21 2024 23:46:00 GMT+0200 (Central European Summer Time),557055.2666666667
Tue May 21 2024 23:47:00 GMT+0200 (Central European Summer Time),518900.36666666664
Tue May 21 2024 23:48:00 GMT+0200 (Central European Summer Time),552322.9666666667
Tue May 21 2024 23:49:00 GMT+0200 (Central European Summer Time),556957.15
Tue May 21 2024 23:50:00 GMT+0200 (Central European Summer Time),557201.5
Tue May 21 2024 23:51:00 GMT+0200 (Central European Summer Time),557044.8
Tue May 21 2024 23:52:00 GMT+0200 (Central European Summer Time),537878.8666666667
Tue May 21 2024 23:53:00 GMT+0200 (Central European Summer Time),541706.7666666667
Tue May 21 2024 23:54:00 GMT+0200 (Central European Summer Time),548938.55
Tue May 21 2024 23:55:00 GMT+0200 (Central European Summer Time),556178.3166666667
Tue May 21 2024 23:56:00 GMT+0200 (Central European Summer Time),537896.75
Tue May 21 2024 23:57:00 GMT+0200 (Central European Summer Time),554598.0166666667
Tue May 21 2024 23:58:00 GMT+0200 (Central European Summer Time),537869
Tue May 21 2024 23:59:00 GMT+0200 (Central European Summer Time),482056.86666666664
Wed May 22 2024 00:00:00 GMT+0200 (Central European Summer Time),52467.28333333333
Wed May 22 2024 00:01:00 GMT+0200 (Central European Summer Time),714.65
Wed May 22 2024 00:02:00 GMT+0200 (Central European Summer Time),724.6166666666667
Wed May 22 2024 00:03:00 GMT+0200 (Central European Summer Time),712.8
Wed May 22 2024 00:04:00 GMT+0200 (Central European Summer Time),710.8
Wed May 22 2024 00:05:00 GMT+0200 (Central European Summer Time),747.4666666666667
Wed May 22 2024 00:06:00 GMT+0200 (Central European Summer Time),712.3666666666667
Wed May 22 2024 00:07:00 GMT+0200 (Central European Summer Time),689.9333333333333
Wed May 22 2024 00:08:00 GMT+0200 (Central European Summer Time),424.68333333333334
Wed May 22 2024 00:09:00 GMT+0200 (Central European Summer Time),675.7833333333333
Wed May 22 2024 00:10:00 GMT+0200 (Central European Summer Time),708.6666666666666
Wed May 22 2024 00:11:00 GMT+0200 (Central European Summer Time),735.75
Wed May 22 2024 00:12:00 GMT+0200 (Central European Summer Time),708.7
Wed May 22 2024 00:13:00 GMT+0200 (Central European Summer Time),710.1166666666667
Wed May 22 2024 00:14:00 GMT+0200 (Central European Summer Time),715.0833333333334
Wed May 22 2024 00:15:00 GMT+0200 (Central European Summer Time),727.8666666666667
Wed May 22 2024 00:16:00 GMT+0200 (Central European Summer Time),735.1166666666667
Wed May 22 2024 00:17:00 GMT+0200 (Central European Summer Time),716.0166666666667
Wed May 22 2024 00:18:00 GMT+0200 (Central European Summer Time),15011.2
Wed May 22 2024 00:19:00 GMT+0200 (Central European Summer Time),72404.65
Wed May 22 2024 00:20:00 GMT+0200 (Central European Summer Time),9265.516666666666
Wed May 22 2024 00:21:00 GMT+0200 (Central European Summer Time),783.1166666666667
Wed May 22 2024 00:22:00 GMT+0200 (Central European Summer Time),410.8
Wed May 22 2024 00:23:00 GMT+0200 (Central European Summer Time),677.3833333333333
Wed May 22 2024 00:24:00 GMT+0200 (Central European Summer Time),706.2
Wed May 22 2024 00:25:00 GMT+0200 (Central European Summer Time),780.3166666666667
Wed May 22 2024 00:26:00 GMT+0200 (Central European Summer Time),726.7166666666667
Wed May 22 2024 00:27:00 GMT+0200 (Central European Summer Time),755.7166666666667
Wed May 22 2024 00:28:00 GMT+0200 (Central European Summer Time),6791.283333333334
Wed May 22 2024 00:29:00 GMT+0200 (Central European Summer Time),2015.75
Wed May 22 2024 00:30:00 GMT+0200 (Central European Summer Time),839.2833333333333
Wed May 22 2024 00:31:00 GMT+0200 (Central European Summer Time),1003.6333333333333
Wed May 22 2024 00:32:00 GMT+0200 (Central European Summer Time),340368.45
Wed May 22 2024 00:33:00 GMT+0200 (Central European Summer Time),499608.51666666666
Wed May 22 2024 00:34:00 GMT+0200 (Central European Summer Time),251043.03333333333
Wed May 22 2024 00:35:00 GMT+0200 (Central European Summer Time),369304.68333333335
Wed May 22 2024 00:36:00 GMT+0200 (Central European Summer Time),500392.35
Wed May 22 2024 00:37:00 GMT+0200 (Central European Summer Time),513926.3
Wed May 22 2024 00:38:00 GMT+0200 (Central European Summer Time),266362.55
Wed May 22 2024 00:39:00 GMT+0200 (Central European Summer Time),26380
Wed May 22 2024 00:40:00 GMT+0200 (Central European Summer Time),739.3333333333334
Wed May 22 2024 00:41:00 GMT+0200 (Central European Summer Time),3764.7
Wed May 22 2024 00:42:00 GMT+0200 (Central European Summer Time),1265.2666666666667
Wed May 22 2024 00:43:00 GMT+0200 (Central European Summer Time),908.95
Wed May 22 2024 00:44:00 GMT+0200 (Central European Summer Time),1101.65
Wed May 22 2024 00:45:00 GMT+0200 (Central European Summer Time),9861.066666666668