TimeSeries ID,instance/cpu/utilization.gce_instance.ALIGN_MEAN.REDUCE_NONE.metric.type="compute.googleapis.com/instance/cpu/utilization" resource.type="gce_instance" resource.labels."instance_id"="987861714045355492" resource.labels."zone"="europe-west4-b" AND resource.labels."project_id"="ddls-owen-gombas".60s.instance_id:987861714045355492.project_id:ddls-owen-gombas.zone:europe-west4-b.instance_name:instance-20240521-124408
instance_name,instance-20240521-124408
instance_id,987861714045355492
project_id,ddls-owen-gombas
zone,europe-west4-b
Tue May 21 2024 12:48:00 GMT+0200 (Central European Summer Time),0.16177450739165308
Tue May 21 2024 12:49:00 GMT+0200 (Central European Summer Time),0.020495152606062796
Tue May 21 2024 12:50:00 GMT+0200 (Central European Summer Time),0.022837221451954312
Tue May 21 2024 12:51:00 GMT+0200 (Central European Summer Time),0.034358174214512614
Tue May 21 2024 12:52:00 GMT+0200 (Central European Summer Time),0.05390387721799475
Tue May 21 2024 12:53:00 GMT+0200 (Central European Summer Time),0.023692553647161673
Tue May 21 2024 12:54:00 GMT+0200 (Central European Summer Time),0.032350638235966754
Tue May 21 2024 12:55:00 GMT+0200 (Central European Summer Time),0.06672990459970572
Tue May 21 2024 12:56:00 GMT+0200 (Central European Summer Time),0.14401209655493757
Tue May 21 2024 12:57:00 GMT+0200 (Central European Summer Time),0.2347163075832377
Tue May 21 2024 12:58:00 GMT+0200 (Central European Summer Time),0.22511923467190964
Tue May 21 2024 12:59:00 GMT+0200 (Central European Summer Time),0.1678196047203007
Tue May 21 2024 13:00:00 GMT+0200 (Central European Summer Time),0.16254450289060476
Tue May 21 2024 13:01:00 GMT+0200 (Central European Summer Time),0.03347529969557949
Tue May 21 2024 13:02:00 GMT+0200 (Central European Summer Time),0.10198738828104581
Tue May 21 2024 13:03:00 GMT+0200 (Central European Summer Time),0.2573864429618278
Tue May 21 2024 13:04:00 GMT+0200 (Central European Summer Time),0.3891193079144415
Tue May 21 2024 13:05:00 GMT+0200 (Central European Summer Time),0.4995963097399165
Tue May 21 2024 13:06:00 GMT+0200 (Central European Summer Time),0.529045800811753
Tue May 21 2024 13:07:00 GMT+0200 (Central European Summer Time),0.6013928470729818
Tue May 21 2024 13:08:00 GMT+0200 (Central European Summer Time),0.5951863197473292
Tue May 21 2024 13:09:00 GMT+0200 (Central European Summer Time),0.5914245331570441
Tue May 21 2024 13:10:00 GMT+0200 (Central European Summer Time),0.6276103395977392
Tue May 21 2024 13:11:00 GMT+0200 (Central European Summer Time),0.6623790675326887
Tue May 21 2024 13:12:00 GMT+0200 (Central European Summer Time),0.6554309783857766
Tue May 21 2024 13:13:00 GMT+0200 (Central European Summer Time),0.6640726330361436
Tue May 21 2024 13:14:00 GMT+0200 (Central European Summer Time),0.6526532418365605
Tue May 21 2024 13:15:00 GMT+0200 (Central European Summer Time),0.6336684849191973
Tue May 21 2024 13:16:00 GMT+0200 (Central European Summer Time),0.6456013423108193
Tue May 21 2024 13:17:00 GMT+0200 (Central European Summer Time),0.6356141039061753
Tue May 21 2024 13:18:00 GMT+0200 (Central European Summer Time),0.6419402924426227
Tue May 21 2024 13:19:00 GMT+0200 (Central European Summer Time),0.6572285318500557
Tue May 21 2024 13:20:00 GMT+0200 (Central European Summer Time),0.6431916664573616
Tue May 21 2024 13:21:00 GMT+0200 (Central European Summer Time),0.6449231063045621
Tue May 21 2024 13:22:00 GMT+0200 (Central European Summer Time),0.6230124805712649
Tue May 21 2024 13:23:00 GMT+0200 (Central European Summer Time),0.6301786448888246
Tue May 21 2024 13:24:00 GMT+0200 (Central European Summer Time),0.6501001475808569
Tue May 21 2024 13:25:00 GMT+0200 (Central European Summer Time),0.6693133168696174
Tue May 21 2024 13:26:00 GMT+0200 (Central European Summer Time),0.6693593586007239
Tue May 21 2024 13:27:00 GMT+0200 (Central European Summer Time),0.6569005737490556
Tue May 21 2024 13:28:00 GMT+0200 (Central European Summer Time),0.6558951828131058
Tue May 21 2024 13:29:00 GMT+0200 (Central European Summer Time),0.6630754781978984
Tue May 21 2024 13:30:00 GMT+0200 (Central European Summer Time),0.6610021932563465
Tue May 21 2024 13:31:00 GMT+0200 (Central European Summer Time),0.6083806506258308
Tue May 21 2024 13:32:00 GMT+0200 (Central European Summer Time),0.539371078028474
Tue May 21 2024 13:33:00 GMT+0200 (Central European Summer Time),0.530777507825932
Tue May 21 2024 13:34:00 GMT+0200 (Central European Summer Time),0.5657133253171954
Tue May 21 2024 13:35:00 GMT+0200 (Central European Summer Time),0.5495986205060679
Tue May 21 2024 13:36:00 GMT+0200 (Central European Summer Time),0.6307250374716848
Tue May 21 2024 13:37:00 GMT+0200 (Central European Summer Time),0.650994463292409
Tue May 21 2024 13:38:00 GMT+0200 (Central European Summer Time),0.6650544382222772
Tue May 21 2024 13:39:00 GMT+0200 (Central European Summer Time),0.6637039805109718
Tue May 21 2024 13:40:00 GMT+0200 (Central European Summer Time),0.6743312309919134
Tue May 21 2024 13:41:00 GMT+0200 (Central European Summer Time),0.6606633832295681
Tue May 21 2024 13:42:00 GMT+0200 (Central European Summer Time),0.6767110804994332
Tue May 21 2024 13:43:00 GMT+0200 (Central European Summer Time),0.6481716210469889
Tue May 21 2024 13:44:00 GMT+0200 (Central European Summer Time),0.6858663945505706
Tue May 21 2024 13:45:00 GMT+0200 (Central European Summer Time),0.6875390318619035
Tue May 21 2024 13:46:00 GMT+0200 (Central European Summer Time),0.6727473520900465
Tue May 21 2024 13:47:00 GMT+0200 (Central European Summer Time),0.684052675548609
Tue May 21 2024 13:48:00 GMT+0200 (Central European Summer Time),0.6734945433285778
Tue May 21 2024 13:49:00 GMT+0200 (Central European Summer Time),0.7065286408464886
Tue May 21 2024 13:50:00 GMT+0200 (Central European Summer Time),0.6944206832425531
Tue May 21 2024 13:51:00 GMT+0200 (Central European Summer Time),0.6713306740409659
Tue May 21 2024 13:52:00 GMT+0200 (Central European Summer Time),0.6927982570148856
Tue May 21 2024 13:53:00 GMT+0200 (Central European Summer Time),0.6836482564158435
Tue May 21 2024 13:54:00 GMT+0200 (Central European Summer Time),0.6827171698590746
Tue May 21 2024 13:55:00 GMT+0200 (Central European Summer Time),0.7134457727319538
Tue May 21 2024 13:56:00 GMT+0200 (Central European Summer Time),0.6966070421690498
Tue May 21 2024 13:57:00 GMT+0200 (Central European Summer Time),0.6775560427880616
Tue May 21 2024 13:58:00 GMT+0200 (Central European Summer Time),0.7079031942803568
Tue May 21 2024 13:59:00 GMT+0200 (Central European Summer Time),0.7076603446687841
Tue May 21 2024 14:00:00 GMT+0200 (Central European Summer Time),0.6892263636435397
Tue May 21 2024 14:01:00 GMT+0200 (Central European Summer Time),0.669105802448712
Tue May 21 2024 14:02:00 GMT+0200 (Central European Summer Time),0.7084938648504552
Tue May 21 2024 14:03:00 GMT+0200 (Central European Summer Time),0.7123277425554231
Tue May 21 2024 14:04:00 GMT+0200 (Central European Summer Time),0.7116065036460971
Tue May 21 2024 14:05:00 GMT+0200 (Central European Summer Time),0.7012859273031987
Tue May 21 2024 14:06:00 GMT+0200 (Central European Summer Time),0.684009834880006
Tue May 21 2024 14:07:00 GMT+0200 (Central European Summer Time),0.704349485609176
Tue May 21 2024 14:08:00 GMT+0200 (Central European Summer Time),0.7071401045407887
Tue May 21 2024 14:09:00 GMT+0200 (Central European Summer Time),0.7061214371518796
Tue May 21 2024 14:10:00 GMT+0200 (Central European Summer Time),0.7079633475392256
Tue May 21 2024 14:11:00 GMT+0200 (Central European Summer Time),0.7005473315540712
Tue May 21 2024 14:12:00 GMT+0200 (Central European Summer Time),0.6894737522708055
Tue May 21 2024 14:13:00 GMT+0200 (Central European Summer Time),0.672608209581214
Tue May 21 2024 14:14:00 GMT+0200 (Central European Summer Time),0.7140474639285533
Tue May 21 2024 14:15:00 GMT+0200 (Central European Summer Time),0.7117529154731225
Tue May 21 2024 14:16:00 GMT+0200 (Central European Summer Time),0.7111070591110396
Tue May 21 2024 14:17:00 GMT+0200 (Central European Summer Time),0.7087057202693359
Tue May 21 2024 14:18:00 GMT+0200 (Central European Summer Time),0.715230112004527
Tue May 21 2024 14:19:00 GMT+0200 (Central European Summer Time),0.7177564864539514
Tue May 21 2024 14:20:00 GMT+0200 (Central European Summer Time),0.7170355029933413
Tue May 21 2024 14:21:00 GMT+0200 (Central European Summer Time),0.7215021737908577
Tue May 21 2024 14:22:00 GMT+0200 (Central European Summer Time),0.7091800079664229
Tue May 21 2024 14:23:00 GMT+0200 (Central European Summer Time),0.7065539744644639
Tue May 21 2024 14:24:00 GMT+0200 (Central European Summer Time),0.7026743780859154
Tue May 21 2024 14:25:00 GMT+0200 (Central European Summer Time),0.6847687039658468
Tue May 21 2024 14:26:00 GMT+0200 (Central European Summer Time),0.6956206698373156
Tue May 21 2024 14:27:00 GMT+0200 (Central European Summer Time),0.7069070297784871
Tue May 21 2024 14:28:00 GMT+0200 (Central European Summer Time),0.7050611524693825
Tue May 21 2024 14:29:00 GMT+0200 (Central European Summer Time),0.7070570248035211
Tue May 21 2024 14:30:00 GMT+0200 (Central European Summer Time),0.7124653473062911
Tue May 21 2024 14:31:00 GMT+0200 (Central European Summer Time),0.7136184833456809
Tue May 21 2024 14:32:00 GMT+0200 (Central European Summer Time),0.7488123088975271
Tue May 21 2024 14:33:00 GMT+0200 (Central European Summer Time),0.8178323394047159
Tue May 21 2024 14:34:00 GMT+0200 (Central European Summer Time),0.8109197555691632
Tue May 21 2024 14:35:00 GMT+0200 (Central European Summer Time),0.8222678307845324
Tue May 21 2024 14:36:00 GMT+0200 (Central European Summer Time),0.7721583896331216
Tue May 21 2024 14:37:00 GMT+0200 (Central European Summer Time),0.6480597977493971
Tue May 21 2024 14:38:00 GMT+0200 (Central European Summer Time),0.7893861318186812
Tue May 21 2024 14:39:00 GMT+0200 (Central European Summer Time),0.7877388519278383
Tue May 21 2024 14:40:00 GMT+0200 (Central European Summer Time),0.7578399509475731
Tue May 21 2024 14:41:00 GMT+0200 (Central European Summer Time),0.7782974355050707
Tue May 21 2024 14:42:00 GMT+0200 (Central European Summer Time),0.808104261617503
Tue May 21 2024 14:43:00 GMT+0200 (Central European Summer Time),0.8095206677233212
Tue May 21 2024 14:44:00 GMT+0200 (Central European Summer Time),0.7984748344519933
Tue May 21 2024 14:45:00 GMT+0200 (Central European Summer Time),0.8201299926516034
Tue May 21 2024 14:46:00 GMT+0200 (Central European Summer Time),0.8478023546682835
Tue May 21 2024 14:47:00 GMT+0200 (Central European Summer Time),0.8217757667834121
Tue May 21 2024 14:48:00 GMT+0200 (Central European Summer Time),0.8235420374921129
Tue May 21 2024 14:49:00 GMT+0200 (Central European Summer Time),0.8317195308643174
Tue May 21 2024 14:50:00 GMT+0200 (Central European Summer Time),0.8215394337245319
Tue May 21 2024 14:51:00 GMT+0200 (Central European Summer Time),0.8161831118507507
Tue May 21 2024 14:52:00 GMT+0200 (Central European Summer Time),0.8242996613427598
Tue May 21 2024 14:53:00 GMT+0200 (Central European Summer Time),0.8292169953247442
Tue May 21 2024 14:54:00 GMT+0200 (Central European Summer Time),0.8350313734594844
Tue May 21 2024 14:55:00 GMT+0200 (Central European Summer Time),0.8343493774942089
Tue May 21 2024 14:56:00 GMT+0200 (Central European Summer Time),0.8347887167958258
Tue May 21 2024 14:57:00 GMT+0200 (Central European Summer Time),0.8441502765912446
Tue May 21 2024 14:58:00 GMT+0200 (Central European Summer Time),0.8650541067904517
Tue May 21 2024 14:59:00 GMT+0200 (Central European Summer Time),0.826303186852768
Tue May 21 2024 15:00:00 GMT+0200 (Central European Summer Time),0.8299917068254672
Tue May 21 2024 15:01:00 GMT+0200 (Central European Summer Time),0.831165381590199
Tue May 21 2024 15:02:00 GMT+0200 (Central European Summer Time),0.8282490758500899
Tue May 21 2024 15:03:00 GMT+0200 (Central European Summer Time),0.8357759991893999
Tue May 21 2024 15:04:00 GMT+0200 (Central European Summer Time),0.8317513383032292
Tue May 21 2024 15:05:00 GMT+0200 (Central European Summer Time),0.838500643752271
Tue May 21 2024 15:06:00 GMT+0200 (Central European Summer Time),0.8630208997830777
Tue May 21 2024 15:07:00 GMT+0200 (Central European Summer Time),0.8247017927490712
Tue May 21 2024 15:08:00 GMT+0200 (Central European Summer Time),0.816056637457253
Tue May 21 2024 15:09:00 GMT+0200 (Central European Summer Time),0.8265452389100877
Tue May 21 2024 15:10:00 GMT+0200 (Central European Summer Time),0.8354203133223866
Tue May 21 2024 15:11:00 GMT+0200 (Central European Summer Time),0.8341808199036223
Tue May 21 2024 15:12:00 GMT+0200 (Central European Summer Time),0.8474495022629223
Tue May 21 2024 15:13:00 GMT+0200 (Central European Summer Time),0.8468020434553485
Tue May 21 2024 15:14:00 GMT+0200 (Central European Summer Time),0.8073383499266583
Tue May 21 2024 15:15:00 GMT+0200 (Central European Summer Time),0.8145478352530517
Tue May 21 2024 15:16:00 GMT+0200 (Central European Summer Time),0.8182187001385349
Tue May 21 2024 15:17:00 GMT+0200 (Central European Summer Time),0.8276389430783486
Tue May 21 2024 15:18:00 GMT+0200 (Central European Summer Time),0.8494834694086117
Tue May 21 2024 15:19:00 GMT+0200 (Central European Summer Time),0.818018310022444
Tue May 21 2024 15:20:00 GMT+0200 (Central European Summer Time),0.8213272231579443
Tue May 21 2024 15:21:00 GMT+0200 (Central European Summer Time),0.8188637640789238
Tue May 21 2024 15:22:00 GMT+0200 (Central European Summer Time),0.8433102534855607
Tue May 21 2024 15:23:00 GMT+0200 (Central European Summer Time),0.8679456155878901
Tue May 21 2024 15:24:00 GMT+0200 (Central European Summer Time),0.8227811247755047
Tue May 21 2024 15:25:00 GMT+0200 (Central European Summer Time),0.8270232486639543
Tue May 21 2024 15:26:00 GMT+0200 (Central European Summer Time),0.8255707438854339
Tue May 21 2024 15:27:00 GMT+0200 (Central European Summer Time),0.8441895072292633
Tue May 21 2024 15:28:00 GMT+0200 (Central European Summer Time),0.8639916322658489
Tue May 21 2024 15:29:00 GMT+0200 (Central European Summer Time),0.8290170893639243
Tue May 21 2024 15:30:00 GMT+0200 (Central European Summer Time),0.7867957185131521
Tue May 21 2024 15:31:00 GMT+0200 (Central European Summer Time),0.7492290087432594
Tue May 21 2024 15:32:00 GMT+0200 (Central European Summer Time),0.8398773652085008
Tue May 21 2024 15:33:00 GMT+0200 (Central European Summer Time),0.80813090580682
Tue May 21 2024 15:34:00 GMT+0200 (Central European Summer Time),0.8086440217941041
Tue May 21 2024 15:35:00 GMT+0200 (Central European Summer Time),0.8332819838278738
Tue May 21 2024 15:36:00 GMT+0200 (Central European Summer Time),0.824104942585033
Tue May 21 2024 15:37:00 GMT+0200 (Central European Summer Time),0.5119960750240504
Tue May 21 2024 15:38:00 GMT+0200 (Central European Summer Time),0.024270442705847016
Tue May 21 2024 15:39:00 GMT+0200 (Central European Summer Time),0.06879418665957929
Tue May 21 2024 15:40:00 GMT+0200 (Central European Summer Time),0.18356735155122503
Tue May 21 2024 15:41:00 GMT+0200 (Central European Summer Time),0.2784826339636917
Tue May 21 2024 15:42:00 GMT+0200 (Central European Summer Time),0.5517968421290486
Tue May 21 2024 15:43:00 GMT+0200 (Central European Summer Time),0.7329531495945654
Tue May 21 2024 15:44:00 GMT+0200 (Central European Summer Time),0.8026112906232963
Tue May 21 2024 15:45:00 GMT+0200 (Central European Summer Time),0.6213431174833962
Tue May 21 2024 15:46:00 GMT+0200 (Central European Summer Time),0.2087483083767438
Tue May 21 2024 15:48:00 GMT+0200 (Central European Summer Time),0.22501756381228308
Tue May 21 2024 15:49:00 GMT+0200 (Central European Summer Time),0.04718473629346329
Tue May 21 2024 15:50:00 GMT+0200 (Central European Summer Time),0.0192128975584815
Tue May 21 2024 15:51:00 GMT+0200 (Central European Summer Time),0.05024052144872506
Tue May 21 2024 15:52:00 GMT+0200 (Central European Summer Time),0.09030014219808559
Tue May 21 2024 15:53:00 GMT+0200 (Central European Summer Time),0.05725754492237402
Tue May 21 2024 15:54:00 GMT+0200 (Central European Summer Time),0.27163034888111154
Tue May 21 2024 15:55:00 GMT+0200 (Central European Summer Time),0.5975776339362412
Tue May 21 2024 15:56:00 GMT+0200 (Central European Summer Time),0.7257018086980518
Tue May 21 2024 15:57:00 GMT+0200 (Central European Summer Time),0.7095765703679625
Tue May 21 2024 15:58:00 GMT+0200 (Central European Summer Time),0.7002195545541388
Tue May 21 2024 15:59:00 GMT+0200 (Central European Summer Time),0.6293486956619139
Tue May 21 2024 16:00:00 GMT+0200 (Central European Summer Time),0.5727819551565683
Tue May 21 2024 16:01:00 GMT+0200 (Central European Summer Time),0.14419601482268357
Tue May 21 2024 16:02:00 GMT+0200 (Central European Summer Time),0.25392079910063214
Tue May 21 2024 16:03:00 GMT+0200 (Central European Summer Time),0.6688539592226845
Tue May 21 2024 16:04:00 GMT+0200 (Central European Summer Time),0.7327862982775438
Tue May 21 2024 16:05:00 GMT+0200 (Central European Summer Time),0.5925585878451946
Tue May 21 2024 16:06:00 GMT+0200 (Central European Summer Time),0.5060945432125625
Tue May 21 2024 16:07:00 GMT+0200 (Central European Summer Time),0.38420388798880556
Tue May 21 2024 16:08:00 GMT+0200 (Central European Summer Time),0.3237763846536647
Tue May 21 2024 16:09:00 GMT+0200 (Central European Summer Time),0.4735249099710245
Tue May 21 2024 16:10:00 GMT+0200 (Central European Summer Time),0.7531257519629226
Tue May 21 2024 16:11:00 GMT+0200 (Central European Summer Time),0.7209530948899365
Tue May 21 2024 16:12:00 GMT+0200 (Central European Summer Time),0.6595956174994095
Tue May 21 2024 16:13:00 GMT+0200 (Central European Summer Time),0.45031621902784874
Tue May 21 2024 16:14:00 GMT+0200 (Central European Summer Time),0.36337620343354426
Tue May 21 2024 16:15:00 GMT+0200 (Central European Summer Time),0.36576430293001183
Tue May 21 2024 16:16:00 GMT+0200 (Central European Summer Time),0.38019781034046785
Tue May 21 2024 16:17:00 GMT+0200 (Central European Summer Time),0.3804357603950431
Tue May 21 2024 16:18:00 GMT+0200 (Central European Summer Time),0.3821234748201258
Tue May 21 2024 16:19:00 GMT+0200 (Central European Summer Time),0.395670294630086
Tue May 21 2024 16:20:00 GMT+0200 (Central European Summer Time),0.39653961100730156
Tue May 21 2024 16:21:00 GMT+0200 (Central European Summer Time),0.3976711309102124
Tue May 21 2024 16:22:00 GMT+0200 (Central European Summer Time),0.40762033913757895
Tue May 21 2024 16:23:00 GMT+0200 (Central European Summer Time),0.4122362388735458
Tue May 21 2024 16:24:00 GMT+0200 (Central European Summer Time),0.4423342076666908
Tue May 21 2024 16:25:00 GMT+0200 (Central European Summer Time),0.5649909266554838
Tue May 21 2024 16:26:00 GMT+0200 (Central European Summer Time),0.5792929112779708
Tue May 21 2024 16:27:00 GMT+0200 (Central European Summer Time),0.2376721824889008
Tue May 21 2024 16:28:00 GMT+0200 (Central European Summer Time),0.18327214233362382
Tue May 21 2024 16:29:00 GMT+0200 (Central European Summer Time),0.18275726469035666
Tue May 21 2024 16:30:00 GMT+0200 (Central European Summer Time),0.18746682033657103
Tue May 21 2024 16:31:00 GMT+0200 (Central European Summer Time),0.18839570097372113
Tue May 21 2024 16:32:00 GMT+0200 (Central European Summer Time),0.18578401328242458
Tue May 21 2024 16:33:00 GMT+0200 (Central European Summer Time),0.18651348493217862
Tue May 21 2024 16:34:00 GMT+0200 (Central European Summer Time),0.22938789072478205
Tue May 21 2024 16:35:00 GMT+0200 (Central European Summer Time),0.44562144550705324
Tue May 21 2024 16:36:00 GMT+0200 (Central European Summer Time),0.5990055743343381
Tue May 21 2024 16:37:00 GMT+0200 (Central European Summer Time),0.2545099665113677
Tue May 21 2024 16:38:00 GMT+0200 (Central European Summer Time),0.19926039228408096
Tue May 21 2024 16:39:00 GMT+0200 (Central European Summer Time),0.19421841893443645
Tue May 21 2024 16:40:00 GMT+0200 (Central European Summer Time),0.19827287418758033
Tue May 21 2024 16:41:00 GMT+0200 (Central European Summer Time),0.1990812019468649
Tue May 21 2024 16:42:00 GMT+0200 (Central European Summer Time),0.20228799116969565
Tue May 21 2024 16:43:00 GMT+0200 (Central European Summer Time),0.2009277296283623
Tue May 21 2024 16:44:00 GMT+0200 (Central European Summer Time),0.20101914677706342
Tue May 21 2024 16:45:00 GMT+0200 (Central European Summer Time),0.19991859514821422
Tue May 21 2024 16:46:00 GMT+0200 (Central European Summer Time),0.19792364895489906
Tue May 21 2024 16:47:00 GMT+0200 (Central European Summer Time),0.20001764336774386
Tue May 21 2024 16:48:00 GMT+0200 (Central European Summer Time),0.20103854766896348
Tue May 21 2024 16:49:00 GMT+0200 (Central European Summer Time),0.2038230032822374
Tue May 21 2024 16:50:00 GMT+0200 (Central European Summer Time),0.20096731926941705
Tue May 21 2024 16:51:00 GMT+0200 (Central European Summer Time),0.2087340582500019
Tue May 21 2024 16:52:00 GMT+0200 (Central European Summer Time),0.20314886067287716
Tue May 21 2024 16:53:00 GMT+0200 (Central European Summer Time),0.20385384875567827
Tue May 21 2024 16:54:00 GMT+0200 (Central European Summer Time),0.2879088396683301
Tue May 21 2024 16:55:00 GMT+0200 (Central European Summer Time),0.5389824042227133
Tue May 21 2024 16:56:00 GMT+0200 (Central European Summer Time),0.5385918624944528
Tue May 21 2024 16:57:00 GMT+0200 (Central European Summer Time),0.20897461898898276
Tue May 21 2024 16:58:00 GMT+0200 (Central European Summer Time),0.21500944725737933
Tue May 21 2024 16:59:00 GMT+0200 (Central European Summer Time),0.21311463204222414
Tue May 21 2024 17:00:00 GMT+0200 (Central European Summer Time),0.221073991470314
Tue May 21 2024 17:01:00 GMT+0200 (Central European Summer Time),0.2186903272820473
Tue May 21 2024 17:02:00 GMT+0200 (Central European Summer Time),0.21398608733792723
Tue May 21 2024 17:03:00 GMT+0200 (Central European Summer Time),0.22058175440835157
Tue May 21 2024 17:04:00 GMT+0200 (Central European Summer Time),0.21967792571641287
Tue May 21 2024 17:05:00 GMT+0200 (Central European Summer Time),0.3363152810620022
Tue May 21 2024 17:06:00 GMT+0200 (Central European Summer Time),0.6798941286691691
Tue May 21 2024 17:07:00 GMT+0200 (Central European Summer Time),0.6057694965951403
Tue May 21 2024 17:08:00 GMT+0200 (Central European Summer Time),0.278992583308631
Tue May 21 2024 17:09:00 GMT+0200 (Central European Summer Time),0.22423529503845807
Tue May 21 2024 17:10:00 GMT+0200 (Central European Summer Time),0.23043046904509387
Tue May 21 2024 17:11:00 GMT+0200 (Central European Summer Time),0.23516381199832873
Tue May 21 2024 17:12:00 GMT+0200 (Central European Summer Time),0.22703115508188224
Tue May 21 2024 17:13:00 GMT+0200 (Central European Summer Time),0.26527256632781093
Tue May 21 2024 17:14:00 GMT+0200 (Central European Summer Time),0.4435180224528115
Tue May 21 2024 17:15:00 GMT+0200 (Central European Summer Time),0.6939507184358907
Tue May 21 2024 17:16:00 GMT+0200 (Central European Summer Time),0.6144402654216189
Tue May 21 2024 17:17:00 GMT+0200 (Central European Summer Time),0.30131828670616867
Tue May 21 2024 17:18:00 GMT+0200 (Central European Summer Time),0.23829070908160854
Tue May 21 2024 17:19:00 GMT+0200 (Central European Summer Time),0.237675435927891
Tue May 21 2024 17:20:00 GMT+0200 (Central European Summer Time),0.23823339370868932
Tue May 21 2024 17:21:00 GMT+0200 (Central European Summer Time),0.29814901504987196
Tue May 21 2024 17:22:00 GMT+0200 (Central European Summer Time),0.5134914373315913
Tue May 21 2024 17:23:00 GMT+0200 (Central European Summer Time),0.5911378864114529
Tue May 21 2024 17:24:00 GMT+0200 (Central European Summer Time),0.30729320016018086
Tue May 21 2024 17:25:00 GMT+0200 (Central European Summer Time),0.2437577197172762
Tue May 21 2024 17:26:00 GMT+0200 (Central European Summer Time),0.25068517728032397
Tue May 21 2024 17:27:00 GMT+0200 (Central European Summer Time),0.34773492140205536
Tue May 21 2024 17:28:00 GMT+0200 (Central European Summer Time),0.6491187925433527
Tue May 21 2024 17:29:00 GMT+0200 (Central European Summer Time),0.6272816841845043
Tue May 21 2024 17:30:00 GMT+0200 (Central European Summer Time),0.3201099340692205
Tue May 21 2024 17:31:00 GMT+0200 (Central European Summer Time),0.25485801156767895
Tue May 21 2024 17:32:00 GMT+0200 (Central European Summer Time),0.32666755216378834
Tue May 21 2024 17:33:00 GMT+0200 (Central European Summer Time),0.57816834125418
Tue May 21 2024 17:34:00 GMT+0200 (Central European Summer Time),0.7338796352175526
Tue May 21 2024 17:35:00 GMT+0200 (Central European Summer Time),0.7290767540048061
Tue May 21 2024 17:36:00 GMT+0200 (Central European Summer Time),0.7146496767117848
Tue May 21 2024 17:37:00 GMT+0200 (Central European Summer Time),0.6723859069848079
Tue May 21 2024 17:38:00 GMT+0200 (Central European Summer Time),0.6587720940529531
Tue May 21 2024 17:39:00 GMT+0200 (Central European Summer Time),0.6595836523975095
Tue May 21 2024 17:40:00 GMT+0200 (Central European Summer Time),0.6576718572469721
Tue May 21 2024 17:41:00 GMT+0200 (Central European Summer Time),0.5787667323250616
Tue May 21 2024 17:42:00 GMT+0200 (Central European Summer Time),0.3290826214064661
Tue May 21 2024 17:43:00 GMT+0200 (Central European Summer Time),0.276575769711341
Tue May 21 2024 17:44:00 GMT+0200 (Central European Summer Time),0.2769199110416669
Tue May 21 2024 17:45:00 GMT+0200 (Central European Summer Time),0.28369892560184173
Tue May 21 2024 17:46:00 GMT+0200 (Central European Summer Time),0.2775321413394295
Tue May 21 2024 17:47:00 GMT+0200 (Central European Summer Time),0.3459570865307493
Tue May 21 2024 17:48:00 GMT+0200 (Central European Summer Time),0.5857610129387164
Tue May 21 2024 17:49:00 GMT+0200 (Central European Summer Time),0.63192325897096
Tue May 21 2024 17:50:00 GMT+0200 (Central European Summer Time),0.35782804868005463
Tue May 21 2024 17:51:00 GMT+0200 (Central European Summer Time),0.28673011526586073
Tue May 21 2024 17:52:00 GMT+0200 (Central European Summer Time),0.29376379938805713
Tue May 21 2024 17:53:00 GMT+0200 (Central European Summer Time),0.40455994001459505
Tue May 21 2024 17:54:00 GMT+0200 (Central European Summer Time),0.6912516295054957
Tue May 21 2024 17:55:00 GMT+0200 (Central European Summer Time),0.7160685815772543
Tue May 21 2024 17:56:00 GMT+0200 (Central European Summer Time),0.6179322960435836
Tue May 21 2024 17:57:00 GMT+0200 (Central European Summer Time),0.5447521766398116
Tue May 21 2024 17:58:00 GMT+0200 (Central European Summer Time),0.707790859561851
Tue May 21 2024 17:59:00 GMT+0200 (Central European Summer Time),0.6874243550668098
Tue May 21 2024 18:00:00 GMT+0200 (Central European Summer Time),0.7027724999609366
Tue May 21 2024 18:01:00 GMT+0200 (Central European Summer Time),0.6683608242992098
Tue May 21 2024 18:02:00 GMT+0200 (Central European Summer Time),0.7091383180131212
Tue May 21 2024 18:03:00 GMT+0200 (Central European Summer Time),0.6896137004779423
Tue May 21 2024 18:04:00 GMT+0200 (Central European Summer Time),0.6817205381237728
Tue May 21 2024 18:05:00 GMT+0200 (Central European Summer Time),0.6760321198864252
Tue May 21 2024 18:06:00 GMT+0200 (Central European Summer Time),0.7263752077275057
Tue May 21 2024 18:07:00 GMT+0200 (Central European Summer Time),0.6478670809524374
Tue May 21 2024 18:08:00 GMT+0200 (Central European Summer Time),0.38717717426736725
Tue May 21 2024 18:09:00 GMT+0200 (Central European Summer Time),0.31103368069146503
Tue May 21 2024 18:10:00 GMT+0200 (Central European Summer Time),0.3067978338171694
Tue May 21 2024 18:11:00 GMT+0200 (Central European Summer Time),0.32091944541695433
Tue May 21 2024 18:12:00 GMT+0200 (Central European Summer Time),0.42724829410487924
Tue May 21 2024 18:13:00 GMT+0200 (Central European Summer Time),0.7147408049390758
Tue May 21 2024 18:14:00 GMT+0200 (Central European Summer Time),0.6228218309193001
Tue May 21 2024 18:15:00 GMT+0200 (Central European Summer Time),0.40325993131027643
Tue May 21 2024 18:16:00 GMT+0200 (Central European Summer Time),0.32196022885878695
Tue May 21 2024 18:17:00 GMT+0200 (Central European Summer Time),0.434526316837893
Tue May 21 2024 18:18:00 GMT+0200 (Central European Summer Time),0.7174745637529516
Tue May 21 2024 18:19:00 GMT+0200 (Central European Summer Time),0.7327485175475431
Tue May 21 2024 18:20:00 GMT+0200 (Central European Summer Time),0.6587251843896184
Tue May 21 2024 18:21:00 GMT+0200 (Central European Summer Time),0.4203506380977084
Tue May 21 2024 18:22:00 GMT+0200 (Central European Summer Time),0.4109030303988675
Tue May 21 2024 18:23:00 GMT+0200 (Central European Summer Time),0.6590739361707316
Tue May 21 2024 18:24:00 GMT+0200 (Central European Summer Time),0.7415860294509987
Tue May 21 2024 18:25:00 GMT+0200 (Central European Summer Time),0.7418574922195982
Tue May 21 2024 18:26:00 GMT+0200 (Central European Summer Time),0.7472440160302313
Tue May 21 2024 18:27:00 GMT+0200 (Central European Summer Time),0.6633360402090753
Tue May 21 2024 18:28:00 GMT+0200 (Central European Summer Time),0.42827525570414005
Tue May 21 2024 18:29:00 GMT+0200 (Central European Summer Time),0.34188743340738104
Tue May 21 2024 18:30:00 GMT+0200 (Central European Summer Time),0.34017270260586274
Tue May 21 2024 18:31:00 GMT+0200 (Central European Summer Time),0.3473868808129737
Tue May 21 2024 18:32:00 GMT+0200 (Central European Summer Time),0.34111554290170715
Tue May 21 2024 18:33:00 GMT+0200 (Central European Summer Time),0.3487632827725065
Tue May 21 2024 18:34:00 GMT+0200 (Central European Summer Time),0.4539063399564687
Tue May 21 2024 18:35:00 GMT+0200 (Central European Summer Time),0.726226233897584
Tue May 21 2024 18:36:00 GMT+0200 (Central European Summer Time),0.6709723809709127
Tue May 21 2024 18:37:00 GMT+0200 (Central European Summer Time),0.4462551037707423
Tue May 21 2024 18:38:00 GMT+0200 (Central European Summer Time),0.4335284139198696
Tue May 21 2024 18:39:00 GMT+0200 (Central European Summer Time),0.6636550712786327
Tue May 21 2024 18:40:00 GMT+0200 (Central European Summer Time),0.7401341128832124
Tue May 21 2024 18:41:00 GMT+0200 (Central European Summer Time),0.6594382822649246
Tue May 21 2024 18:42:00 GMT+0200 (Central European Summer Time),0.43835214939291894
Tue May 21 2024 18:43:00 GMT+0200 (Central European Summer Time),0.3616964047836973
Tue May 21 2024 18:44:00 GMT+0200 (Central European Summer Time),0.4593509210233757
Tue May 21 2024 18:45:00 GMT+0200 (Central European Summer Time),0.716148503347434
Tue May 21 2024 18:46:00 GMT+0200 (Central European Summer Time),0.6742272044146072
Tue May 21 2024 18:47:00 GMT+0200 (Central European Summer Time),0.4566819828395182
Tue May 21 2024 18:48:00 GMT+0200 (Central European Summer Time),0.45921431119045336
Tue May 21 2024 18:49:00 GMT+0200 (Central European Summer Time),0.724680047725451
Tue May 21 2024 18:50:00 GMT+0200 (Central European Summer Time),0.6715903400045742
Tue May 21 2024 18:51:00 GMT+0200 (Central European Summer Time),0.46001409466337767
Tue May 21 2024 18:52:00 GMT+0200 (Central European Summer Time),0.3650541413980591
Tue May 21 2024 18:53:00 GMT+0200 (Central European Summer Time),0.3722290394222
Tue May 21 2024 18:54:00 GMT+0200 (Central European Summer Time),0.36509366786041636
Tue May 21 2024 18:55:00 GMT+0200 (Central European Summer Time),0.36864082694205536
Tue May 21 2024 18:56:00 GMT+0200 (Central European Summer Time),0.36970421642949985
Tue May 21 2024 18:57:00 GMT+0200 (Central European Summer Time),0.447907662527723
Tue May 21 2024 18:58:00 GMT+0200 (Central European Summer Time),0.6917870370603699
Tue May 21 2024 18:59:00 GMT+0200 (Central European Summer Time),0.734128667425648
Tue May 21 2024 19:00:00 GMT+0200 (Central European Summer Time),0.6749684148020909
Tue May 21 2024 19:01:00 GMT+0200 (Central European Summer Time),0.47308114049240735
Tue May 21 2024 19:02:00 GMT+0200 (Central European Summer Time),0.382049356960988
Tue May 21 2024 19:03:00 GMT+0200 (Central European Summer Time),0.38026990134565797
Tue May 21 2024 19:04:00 GMT+0200 (Central European Summer Time),0.3836017702061326
Tue May 21 2024 19:05:00 GMT+0200 (Central European Summer Time),0.3852128598488889
Tue May 21 2024 19:06:00 GMT+0200 (Central European Summer Time),0.3789895345849951
Tue May 21 2024 19:07:00 GMT+0200 (Central European Summer Time),0.380750001378207
Tue May 21 2024 19:08:00 GMT+0200 (Central European Summer Time),0.3850274111124084
Tue May 21 2024 19:09:00 GMT+0200 (Central European Summer Time),0.37543131161398074
Tue May 21 2024 19:10:00 GMT+0200 (Central European Summer Time),0.38252264162168403
Tue May 21 2024 19:11:00 GMT+0200 (Central European Summer Time),0.38432238790746853
Tue May 21 2024 19:12:00 GMT+0200 (Central European Summer Time),0.3874090538898599
Tue May 21 2024 19:13:00 GMT+0200 (Central European Summer Time),0.39221946019665666
Tue May 21 2024 19:14:00 GMT+0200 (Central European Summer Time),0.3868564025253666
Tue May 21 2024 19:15:00 GMT+0200 (Central European Summer Time),0.38748496885777967
Tue May 21 2024 19:16:00 GMT+0200 (Central European Summer Time),0.3978767401183177
Tue May 21 2024 19:17:00 GMT+0200 (Central European Summer Time),0.3904688658274002
Tue May 21 2024 19:18:00 GMT+0200 (Central European Summer Time),0.3900532063574398
Tue May 21 2024 19:19:00 GMT+0200 (Central European Summer Time),0.39953134668200313
Tue May 21 2024 19:20:00 GMT+0200 (Central European Summer Time),0.3942140644024069
Tue May 21 2024 19:21:00 GMT+0200 (Central European Summer Time),0.3941878444049659
Tue May 21 2024 19:22:00 GMT+0200 (Central European Summer Time),0.39814576689794495
Tue May 21 2024 19:23:00 GMT+0200 (Central European Summer Time),0.39477474601626455
Tue May 21 2024 19:24:00 GMT+0200 (Central European Summer Time),0.4051140576680609
Tue May 21 2024 19:25:00 GMT+0200 (Central European Summer Time),0.400779465872165
Tue May 21 2024 19:26:00 GMT+0200 (Central European Summer Time),0.39576758848690285
Tue May 21 2024 19:27:00 GMT+0200 (Central European Summer Time),0.4083228895504817
Tue May 21 2024 19:28:00 GMT+0200 (Central European Summer Time),0.4019477349605343
Tue May 21 2024 19:29:00 GMT+0200 (Central European Summer Time),0.398288671762081
Tue May 21 2024 19:30:00 GMT+0200 (Central European Summer Time),0.40503072549998553
Tue May 21 2024 19:31:00 GMT+0200 (Central European Summer Time),0.47949389632814626
Tue May 21 2024 19:32:00 GMT+0200 (Central European Summer Time),0.71085673177231
Tue May 21 2024 19:33:00 GMT+0200 (Central European Summer Time),0.7425547864773762
Tue May 21 2024 19:34:00 GMT+0200 (Central European Summer Time),0.7311531240657283
Tue May 21 2024 19:35:00 GMT+0200 (Central European Summer Time),0.7081691759140843
Tue May 21 2024 19:36:00 GMT+0200 (Central European Summer Time),0.7442370916953072
Tue May 21 2024 19:37:00 GMT+0200 (Central European Summer Time),0.7438508518333038
Tue May 21 2024 19:38:00 GMT+0200 (Central European Summer Time),0.6827103883346505
Tue May 21 2024 19:39:00 GMT+0200 (Central European Summer Time),0.5077832780937721
Tue May 21 2024 19:40:00 GMT+0200 (Central European Summer Time),0.4082017481170624
Tue May 21 2024 19:41:00 GMT+0200 (Central European Summer Time),0.41301340273316783
Tue May 21 2024 19:42:00 GMT+0200 (Central European Summer Time),0.49645829966972693
Tue May 21 2024 19:43:00 GMT+0200 (Central European Summer Time),0.7141987207006423
Tue May 21 2024 19:44:00 GMT+0200 (Central European Summer Time),0.6605243660040742
Tue May 21 2024 19:45:00 GMT+0200 (Central European Summer Time),0.5336624473102953
Tue May 21 2024 19:46:00 GMT+0200 (Central European Summer Time),0.47696061744870044
Tue May 21 2024 19:47:00 GMT+0200 (Central European Summer Time),0.6380427944812103
Tue May 21 2024 19:48:00 GMT+0200 (Central European Summer Time),0.6925860579327946
Tue May 21 2024 19:49:00 GMT+0200 (Central European Summer Time),0.5335953819338253
Tue May 21 2024 19:50:00 GMT+0200 (Central European Summer Time),0.42776723987743326
Tue May 21 2024 19:51:00 GMT+0200 (Central European Summer Time),0.42226726533122017
Tue May 21 2024 19:52:00 GMT+0200 (Central European Summer Time),0.42470397515132086
Tue May 21 2024 19:53:00 GMT+0200 (Central European Summer Time),0.5022358824765737
Tue May 21 2024 19:54:00 GMT+0200 (Central European Summer Time),0.7002855719541003
Tue May 21 2024 19:55:00 GMT+0200 (Central European Summer Time),0.7106973306023368
Tue May 21 2024 19:56:00 GMT+0200 (Central European Summer Time),0.5367267753347581
Tue May 21 2024 19:57:00 GMT+0200 (Central European Summer Time),0.4223312581659381
Tue May 21 2024 19:58:00 GMT+0200 (Central European Summer Time),0.4303235993414091
Tue May 21 2024 19:59:00 GMT+0200 (Central European Summer Time),0.5082777578209364
Tue May 21 2024 20:00:00 GMT+0200 (Central European Summer Time),0.7296869709135384
Tue May 21 2024 20:01:00 GMT+0200 (Central European Summer Time),0.756430212789716
Tue May 21 2024 20:02:00 GMT+0200 (Central European Summer Time),0.6962515354441772
Tue May 21 2024 20:03:00 GMT+0200 (Central European Summer Time),0.5396137833381089
Tue May 21 2024 20:04:00 GMT+0200 (Central European Summer Time),0.4390577304720561
Tue May 21 2024 20:05:00 GMT+0200 (Central European Summer Time),0.42839814553267386
Tue May 21 2024 20:06:00 GMT+0200 (Central European Summer Time),0.4406042458727673
Tue May 21 2024 20:07:00 GMT+0200 (Central European Summer Time),0.44030671873946026
Tue May 21 2024 20:08:00 GMT+0200 (Central European Summer Time),0.43304565515557747
Tue May 21 2024 20:09:00 GMT+0200 (Central European Summer Time),0.44313951115042677
Tue May 21 2024 20:10:00 GMT+0200 (Central European Summer Time),0.43369160798890033
Tue May 21 2024 20:11:00 GMT+0200 (Central European Summer Time),0.44297934877707423
Tue May 21 2024 20:12:00 GMT+0200 (Central European Summer Time),0.4467953393151371
Tue May 21 2024 20:13:00 GMT+0200 (Central European Summer Time),0.4388091973734542
Tue May 21 2024 20:14:00 GMT+0200 (Central European Summer Time),0.44813591699271454
Tue May 21 2024 20:15:00 GMT+0200 (Central European Summer Time),0.44258105735619513
Tue May 21 2024 20:16:00 GMT+0200 (Central European Summer Time),0.496564995942784
Tue May 21 2024 20:17:00 GMT+0200 (Central European Summer Time),0.6513431024978521
Tue May 21 2024 20:18:00 GMT+0200 (Central European Summer Time),0.7221038616439576
Tue May 21 2024 20:19:00 GMT+0200 (Central European Summer Time),0.7105503638211454
Tue May 21 2024 20:20:00 GMT+0200 (Central European Summer Time),0.64638649868034
Tue May 21 2024 20:21:00 GMT+0200 (Central European Summer Time),0.7437821997610172
Tue May 21 2024 20:22:00 GMT+0200 (Central European Summer Time),0.7531231491422962
Tue May 21 2024 20:23:00 GMT+0200 (Central European Summer Time),0.678572991135934
Tue May 21 2024 20:24:00 GMT+0200 (Central European Summer Time),0.5028082431398919
Tue May 21 2024 20:25:00 GMT+0200 (Central European Summer Time),0.5299104122490916
Tue May 21 2024 20:26:00 GMT+0200 (Central European Summer Time),0.7186645224227505
Tue May 21 2024 20:27:00 GMT+0200 (Central European Summer Time),0.6828117819859472
Tue May 21 2024 20:28:00 GMT+0200 (Central European Summer Time),0.576236230671384
Tue May 21 2024 20:29:00 GMT+0200 (Central European Summer Time),0.4659736615495755
Tue May 21 2024 20:30:00 GMT+0200 (Central European Summer Time),0.45411293426688343
Tue May 21 2024 20:31:00 GMT+0200 (Central European Summer Time),0.46348872203019104
Tue May 21 2024 20:32:00 GMT+0200 (Central European Summer Time),0.45861591698006426
Tue May 21 2024 20:33:00 GMT+0200 (Central European Summer Time),0.46697201239071545
Tue May 21 2024 20:34:00 GMT+0200 (Central European Summer Time),0.4653970785600298
Tue May 21 2024 20:35:00 GMT+0200 (Central European Summer Time),0.5301944373172924
Tue May 21 2024 20:36:00 GMT+0200 (Central European Summer Time),0.728809417098258
Tue May 21 2024 20:37:00 GMT+0200 (Central European Summer Time),0.7064554850982404
Tue May 21 2024 20:38:00 GMT+0200 (Central European Summer Time),0.5937770778987366
Tue May 21 2024 20:39:00 GMT+0200 (Central European Summer Time),0.4614543725615325
Tue May 21 2024 20:40:00 GMT+0200 (Central European Summer Time),0.47422995226196085
Tue May 21 2024 20:41:00 GMT+0200 (Central European Summer Time),0.46778924248886444
Tue May 21 2024 20:42:00 GMT+0200 (Central European Summer Time),0.46755473266319614
Tue May 21 2024 20:43:00 GMT+0200 (Central European Summer Time),0.5077585148889435
Tue May 21 2024 20:44:00 GMT+0200 (Central European Summer Time),0.6281129666045066
Tue May 21 2024 20:45:00 GMT+0200 (Central European Summer Time),0.7510633398663837
Tue May 21 2024 20:46:00 GMT+0200 (Central European Summer Time),0.7197934653158276
Tue May 21 2024 20:47:00 GMT+0200 (Central European Summer Time),0.6026073888568135
Tue May 21 2024 20:48:00 GMT+0200 (Central European Summer Time),0.484013947476645
Tue May 21 2024 20:49:00 GMT+0200 (Central European Summer Time),0.47233392716713446
Tue May 21 2024 20:50:00 GMT+0200 (Central European Summer Time),0.4800948658591854
Tue May 21 2024 20:51:00 GMT+0200 (Central European Summer Time),0.4810544507192996
Tue May 21 2024 20:52:00 GMT+0200 (Central European Summer Time),0.4779417905209811
Tue May 21 2024 20:53:00 GMT+0200 (Central European Summer Time),0.4857452763216315
Tue May 21 2024 20:54:00 GMT+0200 (Central European Summer Time),0.4790669747761664
Tue May 21 2024 20:55:00 GMT+0200 (Central European Summer Time),0.47659820483992615
Tue May 21 2024 20:56:00 GMT+0200 (Central European Summer Time),0.48435404823846206
Tue May 21 2024 20:57:00 GMT+0200 (Central European Summer Time),0.47742921725163495
Tue May 21 2024 20:58:00 GMT+0200 (Central European Summer Time),0.48437493409822613
Tue May 21 2024 20:59:00 GMT+0200 (Central European Summer Time),0.47935161322481384
Tue May 21 2024 21:00:00 GMT+0200 (Central European Summer Time),0.48437147074713116
Tue May 21 2024 21:01:00 GMT+0200 (Central European Summer Time),0.48643889427388176
Tue May 21 2024 21:02:00 GMT+0200 (Central European Summer Time),0.549091024377473
Tue May 21 2024 21:03:00 GMT+0200 (Central European Summer Time),0.7240909809779623
Tue May 21 2024 21:04:00 GMT+0200 (Central European Summer Time),0.7137495417985216
Tue May 21 2024 21:05:00 GMT+0200 (Central European Summer Time),0.7492832908058518
Tue May 21 2024 21:06:00 GMT+0200 (Central European Summer Time),0.720904715690358
Tue May 21 2024 21:07:00 GMT+0200 (Central European Summer Time),0.6108835487015616
Tue May 21 2024 21:08:00 GMT+0200 (Central European Summer Time),0.49891504401493875
Tue May 21 2024 21:09:00 GMT+0200 (Central European Summer Time),0.49454290044447285
Tue May 21 2024 21:10:00 GMT+0200 (Central European Summer Time),0.4931583057080691
Tue May 21 2024 21:11:00 GMT+0200 (Central European Summer Time),0.5698832092746366
Tue May 21 2024 21:12:00 GMT+0200 (Central European Summer Time),0.7412735620748511
Tue May 21 2024 21:13:00 GMT+0200 (Central European Summer Time),0.7395113507446391
Tue May 21 2024 21:14:00 GMT+0200 (Central European Summer Time),0.6969480082823489
Tue May 21 2024 21:15:00 GMT+0200 (Central European Summer Time),0.7352028159223968
Tue May 21 2024 21:16:00 GMT+0200 (Central European Summer Time),0.7236062642585845
Tue May 21 2024 21:17:00 GMT+0200 (Central European Summer Time),0.6146617676021682
Tue May 21 2024 21:18:00 GMT+0200 (Central European Summer Time),0.5038017091176091
Tue May 21 2024 21:19:00 GMT+0200 (Central European Summer Time),0.5091939336579041
Tue May 21 2024 21:20:00 GMT+0200 (Central European Summer Time),0.5159451725642308
Tue May 21 2024 21:21:00 GMT+0200 (Central European Summer Time),0.5296899614828968
Tue May 21 2024 21:22:00 GMT+0200 (Central European Summer Time),0.6481728000238642
Tue May 21 2024 21:23:00 GMT+0200 (Central European Summer Time),0.7635138173192596
Tue May 21 2024 21:24:00 GMT+0200 (Central European Summer Time),0.7457392934023725
Tue May 21 2024 21:25:00 GMT+0200 (Central European Summer Time),0.7152818602557394
Tue May 21 2024 21:26:00 GMT+0200 (Central European Summer Time),0.6738689527062889
Tue May 21 2024 21:27:00 GMT+0200 (Central European Summer Time),0.6213603974443686
Tue May 21 2024 21:28:00 GMT+0200 (Central European Summer Time),0.7594146536951788
Tue May 21 2024 21:29:00 GMT+0200 (Central European Summer Time),0.7314471161769082
Tue May 21 2024 21:30:00 GMT+0200 (Central European Summer Time),0.6478057000267351
Tue May 21 2024 21:31:00 GMT+0200 (Central European Summer Time),0.5232606407930689
Tue May 21 2024 21:32:00 GMT+0200 (Central European Summer Time),0.5165383002088068
Tue May 21 2024 21:33:00 GMT+0200 (Central European Summer Time),0.514943134686564
Tue May 21 2024 21:34:00 GMT+0200 (Central European Summer Time),0.5254014620667476
Tue May 21 2024 21:35:00 GMT+0200 (Central European Summer Time),0.5159938317914566
Tue May 21 2024 21:36:00 GMT+0200 (Central European Summer Time),0.5061699118560076
Tue May 21 2024 21:37:00 GMT+0200 (Central European Summer Time),0.5129275541576741
Tue May 21 2024 21:38:00 GMT+0200 (Central European Summer Time),0.5236664918936185
Tue May 21 2024 21:39:00 GMT+0200 (Central European Summer Time),0.5222456659073335
Tue May 21 2024 21:40:00 GMT+0200 (Central European Summer Time),0.5211968421036545
Tue May 21 2024 21:41:00 GMT+0200 (Central European Summer Time),0.5268963531934181
Tue May 21 2024 21:42:00 GMT+0200 (Central European Summer Time),0.527530091151281
Tue May 21 2024 21:43:00 GMT+0200 (Central European Summer Time),0.52053896232228
Tue May 21 2024 21:44:00 GMT+0200 (Central European Summer Time),0.5373763961429783
Tue May 21 2024 21:45:00 GMT+0200 (Central European Summer Time),0.5313189142591302
Tue May 21 2024 21:46:00 GMT+0200 (Central European Summer Time),0.5289969616578067
Tue May 21 2024 21:47:00 GMT+0200 (Central European Summer Time),0.535621822966065
Tue May 21 2024 21:48:00 GMT+0200 (Central European Summer Time),0.5232291765472534
Tue May 21 2024 21:49:00 GMT+0200 (Central European Summer Time),0.5309056501897127
Tue May 21 2024 21:50:00 GMT+0200 (Central European Summer Time),0.5253481726057544
Tue May 21 2024 21:51:00 GMT+0200 (Central European Summer Time),0.536467324997678
Tue May 21 2024 21:52:00 GMT+0200 (Central European Summer Time),0.5363105421448987
Tue May 21 2024 21:53:00 GMT+0200 (Central European Summer Time),0.5254463900396028
Tue May 21 2024 21:54:00 GMT+0200 (Central European Summer Time),0.5363306265750301
Tue May 21 2024 21:55:00 GMT+0200 (Central European Summer Time),0.5363721078031327
Tue May 21 2024 21:56:00 GMT+0200 (Central European Summer Time),0.5337528730874207
Tue May 21 2024 21:57:00 GMT+0200 (Central European Summer Time),0.5393113889192742
Tue May 21 2024 21:58:00 GMT+0200 (Central European Summer Time),0.5291376241702892
Tue May 21 2024 21:59:00 GMT+0200 (Central European Summer Time),0.53919776004174
Tue May 21 2024 22:00:00 GMT+0200 (Central European Summer Time),0.5384532085505573
Tue May 21 2024 22:01:00 GMT+0200 (Central European Summer Time),0.5337159334964174
Tue May 21 2024 22:02:00 GMT+0200 (Central European Summer Time),0.5467338993321694
Tue May 21 2024 22:03:00 GMT+0200 (Central European Summer Time),0.5306589248907282
Tue May 21 2024 22:04:00 GMT+0200 (Central European Summer Time),0.5416837602674301
Tue May 21 2024 22:05:00 GMT+0200 (Central European Summer Time),0.5418889872750999
Tue May 21 2024 22:06:00 GMT+0200 (Central European Summer Time),0.5354161958943526
Tue May 21 2024 22:07:00 GMT+0200 (Central European Summer Time),0.549901622536466
Tue May 21 2024 22:08:00 GMT+0200 (Central European Summer Time),0.5440862787632795
Tue May 21 2024 22:09:00 GMT+0200 (Central European Summer Time),0.5410388345794975
Tue May 21 2024 22:10:00 GMT+0200 (Central European Summer Time),0.5506260295899058
Tue May 21 2024 22:11:00 GMT+0200 (Central European Summer Time),0.541302594281539
Tue May 21 2024 22:12:00 GMT+0200 (Central European Summer Time),0.5634830389832132
Tue May 21 2024 22:13:00 GMT+0200 (Central European Summer Time),0.5560877612847738
Tue May 21 2024 22:14:00 GMT+0200 (Central European Summer Time),0.5437496308781798
Tue May 21 2024 22:15:00 GMT+0200 (Central European Summer Time),0.5562701616253132
Tue May 21 2024 22:16:00 GMT+0200 (Central European Summer Time),0.5459705350755636
Tue May 21 2024 22:17:00 GMT+0200 (Central European Summer Time),0.5544545604834942
Tue May 21 2024 22:18:00 GMT+0200 (Central European Summer Time),0.554259614640614
Tue May 21 2024 22:19:00 GMT+0200 (Central European Summer Time),0.5543000575133495
Tue May 21 2024 22:20:00 GMT+0200 (Central European Summer Time),0.558899674824958
Tue May 21 2024 22:21:00 GMT+0200 (Central European Summer Time),0.5535563749032917
Tue May 21 2024 22:22:00 GMT+0200 (Central European Summer Time),0.5586385434261502
Tue May 21 2024 22:23:00 GMT+0200 (Central European Summer Time),0.5569866047123165
Tue May 21 2024 22:24:00 GMT+0200 (Central European Summer Time),0.5568025291203412
Tue May 21 2024 22:25:00 GMT+0200 (Central European Summer Time),0.5702819663307309
Tue May 21 2024 22:26:00 GMT+0200 (Central European Summer Time),0.55784216067741
Tue May 21 2024 22:27:00 GMT+0200 (Central European Summer Time),0.5665764970903486
Tue May 21 2024 22:28:00 GMT+0200 (Central European Summer Time),0.5639590242442257
Tue May 21 2024 22:29:00 GMT+0200 (Central European Summer Time),0.5519712296407002
Tue May 21 2024 22:30:00 GMT+0200 (Central European Summer Time),0.5714391065819048
Tue May 21 2024 22:31:00 GMT+0200 (Central European Summer Time),0.5606008626850174
Tue May 21 2024 22:32:00 GMT+0200 (Central European Summer Time),0.5611917799529389
Tue May 21 2024 22:33:00 GMT+0200 (Central European Summer Time),0.566424990068026
Tue May 21 2024 22:34:00 GMT+0200 (Central European Summer Time),0.4121031962819264
Tue May 21 2024 22:35:00 GMT+0200 (Central European Summer Time),0.1578758019199692
Tue May 21 2024 22:36:00 GMT+0200 (Central European Summer Time),0.5543804387488308
Tue May 21 2024 22:37:00 GMT+0200 (Central European Summer Time),0.7186650261927147
Tue May 21 2024 22:38:00 GMT+0200 (Central European Summer Time),0.7606606808594127
Tue May 21 2024 22:39:00 GMT+0200 (Central European Summer Time),0.7587728005898194
Tue May 21 2024 22:40:00 GMT+0200 (Central European Summer Time),0.7082273469756425
Tue May 21 2024 22:41:00 GMT+0200 (Central European Summer Time),0.5809579093535527
Tue May 21 2024 22:42:00 GMT+0200 (Central European Summer Time),0.5811670557127097
Tue May 21 2024 22:43:00 GMT+0200 (Central European Summer Time),0.563911621875953
Tue May 21 2024 22:44:00 GMT+0200 (Central European Summer Time),0.5784145891113136
Tue May 21 2024 22:45:00 GMT+0200 (Central European Summer Time),0.5803886200024256
Tue May 21 2024 22:46:00 GMT+0200 (Central European Summer Time),0.5693519668367722
Tue May 21 2024 22:47:00 GMT+0200 (Central European Summer Time),0.590629333694263
Tue May 21 2024 22:48:00 GMT+0200 (Central European Summer Time),0.5889476257056231
Tue May 21 2024 22:49:00 GMT+0200 (Central European Summer Time),0.5707313773922276
Tue May 21 2024 22:50:00 GMT+0200 (Central European Summer Time),0.5829153932752584
Tue May 21 2024 22:51:00 GMT+0200 (Central European Summer Time),0.5695675032478297
Tue May 21 2024 22:52:00 GMT+0200 (Central European Summer Time),0.5900363760945462
Tue May 21 2024 22:53:00 GMT+0200 (Central European Summer Time),0.5785299111080349
Tue May 21 2024 22:54:00 GMT+0200 (Central European Summer Time),0.5802092674544534
Tue May 21 2024 22:55:00 GMT+0200 (Central European Summer Time),0.5862009858791074
Tue May 21 2024 22:56:00 GMT+0200 (Central European Summer Time),0.5745931585581274
Tue May 21 2024 22:57:00 GMT+0200 (Central European Summer Time),0.5909579499401237
Tue May 21 2024 22:58:00 GMT+0200 (Central European Summer Time),0.5840844552002636
Tue May 21 2024 22:59:00 GMT+0200 (Central European Summer Time),0.5760152516623445
Tue May 21 2024 23:00:00 GMT+0200 (Central European Summer Time),0.59296447101727
Tue May 21 2024 23:01:00 GMT+0200 (Central European Summer Time),0.5777616758350935
Tue May 21 2024 23:02:00 GMT+0200 (Central European Summer Time),0.5875076798036996
Tue May 21 2024 23:03:00 GMT+0200 (Central European Summer Time),0.5923656845806363
Tue May 21 2024 23:04:00 GMT+0200 (Central European Summer Time),0.6031192485183359
Tue May 21 2024 23:05:00 GMT+0200 (Central European Summer Time),0.596310439236216
Tue May 21 2024 23:06:00 GMT+0200 (Central European Summer Time),0.5918184272259774
Tue May 21 2024 23:07:00 GMT+0200 (Central European Summer Time),0.598892671052666
Tue May 21 2024 23:08:00 GMT+0200 (Central European Summer Time),0.6250105260924101
Tue May 21 2024 23:09:00 GMT+0200 (Central European Summer Time),0.7531816930408847
Tue May 21 2024 23:10:00 GMT+0200 (Central European Summer Time),0.7493520300900854
Tue May 21 2024 23:11:00 GMT+0200 (Central European Summer Time),0.7545686238356514
Tue May 21 2024 23:12:00 GMT+0200 (Central European Summer Time),0.7240253573015555
Tue May 21 2024 23:13:00 GMT+0200 (Central European Summer Time),0.6201836884281571
Tue May 21 2024 23:14:00 GMT+0200 (Central European Summer Time),0.6114400561465421
Tue May 21 2024 23:15:00 GMT+0200 (Central European Summer Time),0.6445629130672387
Tue May 21 2024 23:16:00 GMT+0200 (Central European Summer Time),0.7617162450255819
Tue May 21 2024 23:17:00 GMT+0200 (Central European Summer Time),0.7581439068036767
Tue May 21 2024 23:18:00 GMT+0200 (Central European Summer Time),0.7562200675670283
Tue May 21 2024 23:19:00 GMT+0200 (Central European Summer Time),0.7492573125517993
Tue May 21 2024 23:20:00 GMT+0200 (Central European Summer Time),0.756207944315732
Tue May 21 2024 23:21:00 GMT+0200 (Central European Summer Time),0.7539120871191699
Tue May 21 2024 23:22:00 GMT+0200 (Central European Summer Time),0.747971703682712
Tue May 21 2024 23:23:00 GMT+0200 (Central European Summer Time),0.7521476406544632
Tue May 21 2024 23:24:00 GMT+0200 (Central European Summer Time),0.7416718202161064
Tue May 21 2024 23:25:00 GMT+0200 (Central European Summer Time),0.7297036006258167
Tue May 21 2024 23:26:00 GMT+0200 (Central European Summer Time),0.7492002304187736
Tue May 21 2024 23:27:00 GMT+0200 (Central European Summer Time),0.7526004462058457
Tue May 21 2024 23:28:00 GMT+0200 (Central European Summer Time),0.7530644345511973
Tue May 21 2024 23:29:00 GMT+0200 (Central European Summer Time),0.7459284682445892
Tue May 21 2024 23:30:00 GMT+0200 (Central European Summer Time),0.750985968333589
Tue May 21 2024 23:31:00 GMT+0200 (Central European Summer Time),0.7620048042576248
Tue May 21 2024 23:32:00 GMT+0200 (Central European Summer Time),0.759853511982783
Tue May 21 2024 23:33:00 GMT+0200 (Central European Summer Time),0.7557424810804453
Tue May 21 2024 23:34:00 GMT+0200 (Central European Summer Time),0.7578693390768725
Tue May 21 2024 23:35:00 GMT+0200 (Central European Summer Time),0.7429604959070275
Tue May 21 2024 23:36:00 GMT+0200 (Central European Summer Time),0.7229223579416005
Tue May 21 2024 23:37:00 GMT+0200 (Central European Summer Time),0.7472795898753247
Tue May 21 2024 23:38:00 GMT+0200 (Central European Summer Time),0.7436886534718118
Tue May 21 2024 23:39:00 GMT+0200 (Central European Summer Time),0.7456296888793986
Tue May 21 2024 23:40:00 GMT+0200 (Central European Summer Time),0.7537589553039046
Tue May 21 2024 23:41:00 GMT+0200 (Central European Summer Time),0.7582641197496135
Tue May 21 2024 23:42:00 GMT+0200 (Central European Summer Time),0.7454161370803679
Tue May 21 2024 23:43:00 GMT+0200 (Central European Summer Time),0.7516547662944201
Tue May 21 2024 23:44:00 GMT+0200 (Central European Summer Time),0.7562940892625496
Tue May 21 2024 23:45:00 GMT+0200 (Central European Summer Time),0.7599901341433603
Tue May 21 2024 23:46:00 GMT+0200 (Central European Summer Time),0.7604552380314089
Tue May 21 2024 23:47:00 GMT+0200 (Central European Summer Time),0.744097854039137
Tue May 21 2024 23:48:00 GMT+0200 (Central European Summer Time),0.7218141640119635
Tue May 21 2024 23:49:00 GMT+0200 (Central European Summer Time),0.754346608620411
Tue May 21 2024 23:50:00 GMT+0200 (Central European Summer Time),0.7461410388852224
Tue May 21 2024 23:51:00 GMT+0200 (Central European Summer Time),0.7497438652706174
Tue May 21 2024 23:52:00 GMT+0200 (Central European Summer Time),0.7508576618002128
Tue May 21 2024 23:53:00 GMT+0200 (Central European Summer Time),0.7377257928666343
Tue May 21 2024 23:54:00 GMT+0200 (Central European Summer Time),0.7463208736275495
Tue May 21 2024 23:55:00 GMT+0200 (Central European Summer Time),0.7453805048987002
Tue May 21 2024 23:56:00 GMT+0200 (Central European Summer Time),0.7489010336469619
Tue May 21 2024 23:57:00 GMT+0200 (Central European Summer Time),0.7467504642808914
Tue May 21 2024 23:58:00 GMT+0200 (Central European Summer Time),0.7371452312699148
Tue May 21 2024 23:59:00 GMT+0200 (Central European Summer Time),0.5794721877901793
Wed May 22 2024 00:00:00 GMT+0200 (Central European Summer Time),0.1709322674768373
Wed May 22 2024 00:01:00 GMT+0200 (Central European Summer Time),0.025961047439250252
Wed May 22 2024 00:02:00 GMT+0200 (Central European Summer Time),0.02877171944755901
Wed May 22 2024 00:03:00 GMT+0200 (Central European Summer Time),0.02884872469706655
Wed May 22 2024 00:04:00 GMT+0200 (Central European Summer Time),0.025877284754915308
Wed May 22 2024 00:05:00 GMT+0200 (Central European Summer Time),0.028058626659882673
Wed May 22 2024 00:06:00 GMT+0200 (Central European Summer Time),0.02727231211765684
Wed May 22 2024 00:07:00 GMT+0200 (Central European Summer Time),0.02612511375127724
Wed May 22 2024 00:08:00 GMT+0200 (Central European Summer Time),0.028300666799865818
Wed May 22 2024 00:09:00 GMT+0200 (Central European Summer Time),0.028532042172597964
Wed May 22 2024 00:10:00 GMT+0200 (Central European Summer Time),0.02579068678657374
Wed May 22 2024 00:11:00 GMT+0200 (Central European Summer Time),0.027885506522337285
Wed May 22 2024 00:12:00 GMT+0200 (Central European Summer Time),0.026872012814965273
Wed May 22 2024 00:13:00 GMT+0200 (Central European Summer Time),0.026240806271440913
Wed May 22 2024 00:14:00 GMT+0200 (Central European Summer Time),0.028767180820280677
Wed May 22 2024 00:15:00 GMT+0200 (Central European Summer Time),0.0260770245413975
Wed May 22 2024 00:16:00 GMT+0200 (Central European Summer Time),0.0270009984191347
Wed May 22 2024 00:17:00 GMT+0200 (Central European Summer Time),0.02642694125725029
Wed May 22 2024 00:18:00 GMT+0200 (Central European Summer Time),0.0336943200206709
Wed May 22 2024 00:19:00 GMT+0200 (Central European Summer Time),0.03989068020382547
Wed May 22 2024 00:20:00 GMT+0200 (Central European Summer Time),0.029905578840043745
Wed May 22 2024 00:21:00 GMT+0200 (Central European Summer Time),0.027245827608597513
Wed May 22 2024 00:22:00 GMT+0200 (Central European Summer Time),0.025571525456871313
Wed May 22 2024 00:23:00 GMT+0200 (Central European Summer Time),0.027541367627873115
Wed May 22 2024 00:24:00 GMT+0200 (Central European Summer Time),0.02762780724588083
Wed May 22 2024 00:25:00 GMT+0200 (Central European Summer Time),0.027913897022851113
Wed May 22 2024 00:26:00 GMT+0200 (Central European Summer Time),0.026445986073031235
Wed May 22 2024 00:27:00 GMT+0200 (Central European Summer Time),0.023688329526976304
Wed May 22 2024 00:28:00 GMT+0200 (Central European Summer Time),0.04682605761175485
Wed May 22 2024 00:29:00 GMT+0200 (Central European Summer Time),0.08410507715507265
Wed May 22 2024 00:30:00 GMT+0200 (Central European Summer Time),0.02834819124000205
Wed May 22 2024 00:31:00 GMT+0200 (Central European Summer Time),0.1074852177068351
Wed May 22 2024 00:32:00 GMT+0200 (Central European Summer Time),0.4171499183965352
Wed May 22 2024 00:33:00 GMT+0200 (Central European Summer Time),0.6508376126712392
Wed May 22 2024 00:34:00 GMT+0200 (Central European Summer Time),0.5344627277515731
Wed May 22 2024 00:35:00 GMT+0200 (Central European Summer Time),0.4981453595483799
Wed May 22 2024 00:36:00 GMT+0200 (Central European Summer Time),0.68546300503549
Wed May 22 2024 00:37:00 GMT+0200 (Central European Summer Time),0.6860672571630857
Wed May 22 2024 00:38:00 GMT+0200 (Central European Summer Time),0.43303696137248454
Wed May 22 2024 00:39:00 GMT+0200 (Central European Summer Time),0.026041420296223805
Wed May 22 2024 00:40:00 GMT+0200 (Central European Summer Time),0.028637144296286957
Wed May 22 2024 00:41:00 GMT+0200 (Central European Summer Time),0.030453237253307938
Wed May 22 2024 00:42:00 GMT+0200 (Central European Summer Time),0.029386245635547918
Wed May 22 2024 00:43:00 GMT+0200 (Central European Summer Time),0.026338208602919622
Wed May 22 2024 00:44:00 GMT+0200 (Central European Summer Time),0.05345193953559525
Wed May 22 2024 00:45:00 GMT+0200 (Central European Summer Time),0.09352105074710076