TimeSeries ID,total direction=Write,total direction=Read
direction,Write,Read
Tue May 21 2024 12:47:00 GMT+0200 (Central European Summer Time),4.583333333333333,0.03333333333333333
Tue May 21 2024 12:48:00 GMT+0200 (Central European Summer Time),4.05,0
Tue May 21 2024 12:49:00 GMT+0200 (Central European Summer Time),4.316666666666666,0.03333333333333333
Tue May 21 2024 12:50:00 GMT+0200 (Central European Summer Time),4.433333333333334,0.55
Tue May 21 2024 12:51:00 GMT+0200 (Central European Summer Time),6.3500000000000005,3.9166666666666665
Tue May 21 2024 12:52:00 GMT+0200 (Central European Summer Time),5.733333333333333,9.2
Tue May 21 2024 12:53:00 GMT+0200 (Central European Summer Time),7.266666666666667,45.083333333333336
Tue May 21 2024 12:54:00 GMT+0200 (Central European Summer Time),15.85,143.73333333333332
Tue May 21 2024 12:55:00 GMT+0200 (Central European Summer Time),7.116666666666666,0.3333333333333333
Tue May 21 2024 12:56:00 GMT+0200 (Central European Summer Time),5.1499999999999995,0.1
Tue May 21 2024 12:57:00 GMT+0200 (Central European Summer Time),4.65,11.916666666666666
Tue May 21 2024 12:58:00 GMT+0200 (Central European Summer Time),5.933333333333334,65.36666666666666
Tue May 21 2024 12:59:00 GMT+0200 (Central European Summer Time),4.1,70.68333333333334
Tue May 21 2024 13:00:00 GMT+0200 (Central European Summer Time),5.883333333333333,1.2
Tue May 21 2024 13:01:00 GMT+0200 (Central European Summer Time),4.933333333333334,0.03333333333333333
Tue May 21 2024 13:02:00 GMT+0200 (Central European Summer Time),6.633333333333334,0.016666666666666666
Tue May 21 2024 13:03:00 GMT+0200 (Central European Summer Time),10.716666666666667,9.85
Tue May 21 2024 13:04:00 GMT+0200 (Central European Summer Time),37.766666666666666,40.86666666666667
Tue May 21 2024 13:05:00 GMT+0200 (Central European Summer Time),53.31666666666666,0.16666666666666666
Tue May 21 2024 13:06:00 GMT+0200 (Central European Summer Time),59.916666666666664,0.08333333333333333
Tue May 21 2024 13:07:00 GMT+0200 (Central European Summer Time),74.93333333333332,0.3333333333333333
Tue May 21 2024 13:08:00 GMT+0200 (Central European Summer Time),73.9,0.03333333333333333
Tue May 21 2024 13:09:00 GMT+0200 (Central European Summer Time),80.01666666666667,0.016666666666666666
Tue May 21 2024 13:10:00 GMT+0200 (Central European Summer Time),84.55,0.016666666666666666
Tue May 21 2024 13:11:00 GMT+0200 (Central European Summer Time),91.05,0.08333333333333333
Tue May 21 2024 13:12:00 GMT+0200 (Central European Summer Time),92.6,0
Tue May 21 2024 13:13:00 GMT+0200 (Central European Summer Time),93.71666666666667,0.016666666666666666
Tue May 21 2024 13:14:00 GMT+0200 (Central European Summer Time),102.46666666666667,0.016666666666666666
Tue May 21 2024 13:15:00 GMT+0200 (Central European Summer Time),99,0.016666666666666666
Tue May 21 2024 13:16:00 GMT+0200 (Central European Summer Time),97.73333333333333,0.016666666666666666
Tue May 21 2024 13:17:00 GMT+0200 (Central European Summer Time),101.75,0.03333333333333333
Tue May 21 2024 13:18:00 GMT+0200 (Central European Summer Time),96.98333333333333,0.03333333333333333
Tue May 21 2024 13:19:00 GMT+0200 (Central European Summer Time),102.11666666666667,0
Tue May 21 2024 13:20:00 GMT+0200 (Central European Summer Time),101.25,0.016666666666666666
Tue May 21 2024 13:21:00 GMT+0200 (Central European Summer Time),101.91666666666667,0.016666666666666666
Tue May 21 2024 13:22:00 GMT+0200 (Central European Summer Time),101.4,0.03333333333333333
Tue May 21 2024 13:23:00 GMT+0200 (Central European Summer Time),98.96666666666667,0.016666666666666666
Tue May 21 2024 13:24:00 GMT+0200 (Central European Summer Time),105.11666666666667,0
Tue May 21 2024 13:25:00 GMT+0200 (Central European Summer Time),104.75,0.016666666666666666
Tue May 21 2024 13:26:00 GMT+0200 (Central European Summer Time),101.66666666666667,0.03333333333333333
Tue May 21 2024 13:27:00 GMT+0200 (Central European Summer Time),106.5,0.016666666666666666
Tue May 21 2024 13:28:00 GMT+0200 (Central European Summer Time),107.39999999999999,0.05
Tue May 21 2024 13:29:00 GMT+0200 (Central European Summer Time),105.89999999999999,0.08333333333333333
Tue May 21 2024 13:30:00 GMT+0200 (Central European Summer Time),99.56666666666668,0.18333333333333332
Tue May 21 2024 13:31:00 GMT+0200 (Central European Summer Time),95.51666666666667,0.9166666666666666
Tue May 21 2024 13:32:00 GMT+0200 (Central European Summer Time),113.64999999999999,14.133333333333333
Tue May 21 2024 13:33:00 GMT+0200 (Central European Summer Time),141.63333333333333,56.016666666666666
Tue May 21 2024 13:34:00 GMT+0200 (Central European Summer Time),96.21666666666667,35.516666666666666
Tue May 21 2024 13:35:00 GMT+0200 (Central European Summer Time),95.76666666666667,23.183333333333334
Tue May 21 2024 13:36:00 GMT+0200 (Central European Summer Time),103.86666666666666,0.45
Tue May 21 2024 13:37:00 GMT+0200 (Central European Summer Time),108.39999999999999,0.15
Tue May 21 2024 13:38:00 GMT+0200 (Central European Summer Time),104.6,0.03333333333333333
Tue May 21 2024 13:39:00 GMT+0200 (Central European Summer Time),105.16666666666666,0.03333333333333333
Tue May 21 2024 13:40:00 GMT+0200 (Central European Summer Time),107.9,0.016666666666666666
Tue May 21 2024 13:41:00 GMT+0200 (Central European Summer Time),101.96666666666667,0.03333333333333333
Tue May 21 2024 13:42:00 GMT+0200 (Central European Summer Time),104.86666666666666,0.016666666666666666
Tue May 21 2024 13:43:00 GMT+0200 (Central European Summer Time),106.5,0.03333333333333333
Tue May 21 2024 13:44:00 GMT+0200 (Central European Summer Time),106.95,0
Tue May 21 2024 13:45:00 GMT+0200 (Central European Summer Time),111.5,0.03333333333333333
Tue May 21 2024 13:46:00 GMT+0200 (Central European Summer Time),104.18333333333334,0.03333333333333333
Tue May 21 2024 13:47:00 GMT+0200 (Central European Summer Time),107,0
Tue May 21 2024 13:48:00 GMT+0200 (Central European Summer Time),106.91666666666667,0.016666666666666666
Tue May 21 2024 13:49:00 GMT+0200 (Central European Summer Time),111.81666666666666,0.016666666666666666
Tue May 21 2024 13:50:00 GMT+0200 (Central European Summer Time),111.78333333333333,0
Tue May 21 2024 13:51:00 GMT+0200 (Central European Summer Time),103.33333333333333,0.03333333333333333
Tue May 21 2024 13:52:00 GMT+0200 (Central European Summer Time),108.08333333333334,0.016666666666666666
Tue May 21 2024 13:53:00 GMT+0200 (Central European Summer Time),109.86666666666666,0.03333333333333333
Tue May 21 2024 13:54:00 GMT+0200 (Central European Summer Time),107.95,0.03333333333333333
Tue May 21 2024 13:55:00 GMT+0200 (Central European Summer Time),115.38333333333333,0.016666666666666666
Tue May 21 2024 13:56:00 GMT+0200 (Central European Summer Time),111.5,0.11666666666666667
Tue May 21 2024 13:57:00 GMT+0200 (Central European Summer Time),109.96666666666667,0.45
Tue May 21 2024 13:58:00 GMT+0200 (Central European Summer Time),112.23333333333333,0.1
Tue May 21 2024 13:59:00 GMT+0200 (Central European Summer Time),111.6,0.43333333333333335
Tue May 21 2024 14:00:00 GMT+0200 (Central European Summer Time),116,0
Tue May 21 2024 14:01:00 GMT+0200 (Central European Summer Time),111.63333333333333,0
Tue May 21 2024 14:02:00 GMT+0200 (Central European Summer Time),110.33333333333333,0
Tue May 21 2024 14:03:00 GMT+0200 (Central European Summer Time),114.06666666666668,0
Tue May 21 2024 14:04:00 GMT+0200 (Central European Summer Time),114.66666666666667,0.05
Tue May 21 2024 14:05:00 GMT+0200 (Central European Summer Time),114.8,0.13333333333333333
Tue May 21 2024 14:06:00 GMT+0200 (Central European Summer Time),110.43333333333334,0.1
Tue May 21 2024 14:07:00 GMT+0200 (Central European Summer Time),110.03333333333333,0.016666666666666666
Tue May 21 2024 14:08:00 GMT+0200 (Central European Summer Time),115.71666666666667,0.1
Tue May 21 2024 14:09:00 GMT+0200 (Central European Summer Time),112.83333333333333,0
Tue May 21 2024 14:10:00 GMT+0200 (Central European Summer Time),112.23333333333333,0.03333333333333333
Tue May 21 2024 14:11:00 GMT+0200 (Central European Summer Time),112.43333333333334,0.05
Tue May 21 2024 14:12:00 GMT+0200 (Central European Summer Time),108.61666666666666,0.25
Tue May 21 2024 14:13:00 GMT+0200 (Central European Summer Time),111.25,0.31666666666666665
Tue May 21 2024 14:14:00 GMT+0200 (Central European Summer Time),118.73333333333333,0.8166666666666667
Tue May 21 2024 14:15:00 GMT+0200 (Central European Summer Time),118.86666666666666,1.1166666666666667
Tue May 21 2024 14:16:00 GMT+0200 (Central European Summer Time),118.68333333333334,0.9333333333333333
Tue May 21 2024 14:17:00 GMT+0200 (Central European Summer Time),115.98333333333333,0.08333333333333333
Tue May 21 2024 14:18:00 GMT+0200 (Central European Summer Time),117.23333333333333,0.5666666666666667
Tue May 21 2024 14:19:00 GMT+0200 (Central European Summer Time),114.41666666666667,1.6333333333333333
Tue May 21 2024 14:20:00 GMT+0200 (Central European Summer Time),118.21666666666667,1.5666666666666667
Tue May 21 2024 14:21:00 GMT+0200 (Central European Summer Time),118.89999999999999,1.4166666666666667
Tue May 21 2024 14:22:00 GMT+0200 (Central European Summer Time),117.48333333333333,1.1666666666666667
Tue May 21 2024 14:23:00 GMT+0200 (Central European Summer Time),117.76666666666667,1.2166666666666666
Tue May 21 2024 14:24:00 GMT+0200 (Central European Summer Time),118.36666666666667,1.2333333333333334
Tue May 21 2024 14:25:00 GMT+0200 (Central European Summer Time),114.05,1.2333333333333334
Tue May 21 2024 14:26:00 GMT+0200 (Central European Summer Time),113.81666666666666,1.65
Tue May 21 2024 14:27:00 GMT+0200 (Central European Summer Time),116.96666666666667,1.2833333333333332
Tue May 21 2024 14:28:00 GMT+0200 (Central European Summer Time),118.75,1.6
Tue May 21 2024 14:29:00 GMT+0200 (Central European Summer Time),119.58333333333333,0.8833333333333333
Tue May 21 2024 14:30:00 GMT+0200 (Central European Summer Time),118.21666666666667,0.3333333333333333
Tue May 21 2024 14:31:00 GMT+0200 (Central European Summer Time),117.64999999999999,0.05
Tue May 21 2024 14:32:00 GMT+0200 (Central European Summer Time),119.26666666666667,0.18333333333333332
Tue May 21 2024 14:33:00 GMT+0200 (Central European Summer Time),118.31666666666666,0.5
Tue May 21 2024 14:34:00 GMT+0200 (Central European Summer Time),125.14999999999999,0.8166666666666667
Tue May 21 2024 14:35:00 GMT+0200 (Central European Summer Time),121.83333333333333,1.6666666666666667
Tue May 21 2024 14:36:00 GMT+0200 (Central European Summer Time),109.73333333333333,9.466666666666667
Tue May 21 2024 14:37:00 GMT+0200 (Central European Summer Time),94.71666666666667,26.716666666666665
Tue May 21 2024 14:38:00 GMT+0200 (Central European Summer Time),113.33333333333333,2.2333333333333334
Tue May 21 2024 14:39:00 GMT+0200 (Central European Summer Time),112.64999999999999,6.016666666666667
Tue May 21 2024 14:40:00 GMT+0200 (Central European Summer Time),113.18333333333332,4.466666666666667
Tue May 21 2024 14:41:00 GMT+0200 (Central European Summer Time),117.23333333333333,17.6
Tue May 21 2024 14:42:00 GMT+0200 (Central European Summer Time),111.66666666666667,1.95
Tue May 21 2024 14:43:00 GMT+0200 (Central European Summer Time),109.45,0.25
Tue May 21 2024 14:44:00 GMT+0200 (Central European Summer Time),110.61666666666666,0.5833333333333334
Tue May 21 2024 14:45:00 GMT+0200 (Central European Summer Time),116.43333333333332,1.0666666666666667
Tue May 21 2024 14:46:00 GMT+0200 (Central European Summer Time),117.85000000000001,1.9833333333333334
Tue May 21 2024 14:47:00 GMT+0200 (Central European Summer Time),114.11666666666666,0.1
Tue May 21 2024 14:48:00 GMT+0200 (Central European Summer Time),113.06666666666666,0.05
Tue May 21 2024 14:49:00 GMT+0200 (Central European Summer Time),114.3,0.03333333333333333
Tue May 21 2024 14:50:00 GMT+0200 (Central European Summer Time),112.06666666666666,0.2
Tue May 21 2024 14:51:00 GMT+0200 (Central European Summer Time),113.56666666666666,0.13333333333333333
Tue May 21 2024 14:52:00 GMT+0200 (Central European Summer Time),112.86666666666667,0.1
Tue May 21 2024 14:53:00 GMT+0200 (Central European Summer Time),114.66666666666667,0.3
Tue May 21 2024 14:54:00 GMT+0200 (Central European Summer Time),114.56666666666666,0.11666666666666667
Tue May 21 2024 14:55:00 GMT+0200 (Central European Summer Time),115.03333333333333,0.08333333333333333
Tue May 21 2024 14:56:00 GMT+0200 (Central European Summer Time),117.93333333333332,0.08333333333333333
Tue May 21 2024 14:57:00 GMT+0200 (Central European Summer Time),124.18333333333334,0.03333333333333333
Tue May 21 2024 14:58:00 GMT+0200 (Central European Summer Time),118.85,0.13333333333333333
Tue May 21 2024 14:59:00 GMT+0200 (Central European Summer Time),115.53333333333333,0.08333333333333333
Tue May 21 2024 15:00:00 GMT+0200 (Central European Summer Time),119.28333333333333,0.05
Tue May 21 2024 15:01:00 GMT+0200 (Central European Summer Time),121.05,0.016666666666666666
Tue May 21 2024 15:02:00 GMT+0200 (Central European Summer Time),119.11666666666666,0.03333333333333333
Tue May 21 2024 15:03:00 GMT+0200 (Central European Summer Time),119.11666666666667,0.15
Tue May 21 2024 15:04:00 GMT+0200 (Central European Summer Time),121.11666666666666,0.08333333333333333
Tue May 21 2024 15:05:00 GMT+0200 (Central European Summer Time),119.43333333333334,0.13333333333333333
Tue May 21 2024 15:06:00 GMT+0200 (Central European Summer Time),125.41666666666667,0.25
Tue May 21 2024 15:07:00 GMT+0200 (Central European Summer Time),120.46666666666667,0.08333333333333333
Tue May 21 2024 15:08:00 GMT+0200 (Central European Summer Time),118.89999999999999,0.05
Tue May 21 2024 15:09:00 GMT+0200 (Central European Summer Time),117.91666666666666,0.03333333333333333
Tue May 21 2024 15:10:00 GMT+0200 (Central European Summer Time),120.7,0.1
Tue May 21 2024 15:11:00 GMT+0200 (Central European Summer Time),120.51666666666667,0
Tue May 21 2024 15:12:00 GMT+0200 (Central European Summer Time),120,0.03333333333333333
Tue May 21 2024 15:13:00 GMT+0200 (Central European Summer Time),113.68333333333332,0.08333333333333333
Tue May 21 2024 15:14:00 GMT+0200 (Central European Summer Time),113.60000000000001,0.016666666666666666
Tue May 21 2024 15:15:00 GMT+0200 (Central European Summer Time),111.03333333333333,0.13333333333333333
Tue May 21 2024 15:16:00 GMT+0200 (Central European Summer Time),111.61666666666666,0.13333333333333333
Tue May 21 2024 15:17:00 GMT+0200 (Central European Summer Time),114.14999999999999,0.16666666666666666
Tue May 21 2024 15:18:00 GMT+0200 (Central European Summer Time),118.73333333333333,0.03333333333333333
Tue May 21 2024 15:19:00 GMT+0200 (Central European Summer Time),113.4,0
Tue May 21 2024 15:20:00 GMT+0200 (Central European Summer Time),115.31666666666666,0
Tue May 21 2024 15:21:00 GMT+0200 (Central European Summer Time),117.05,0
Tue May 21 2024 15:22:00 GMT+0200 (Central European Summer Time),116.93333333333334,0.016666666666666666
Tue May 21 2024 15:23:00 GMT+0200 (Central European Summer Time),123.93333333333334,0.03333333333333333
Tue May 21 2024 15:24:00 GMT+0200 (Central European Summer Time),116.28333333333333,0.016666666666666666
Tue May 21 2024 15:25:00 GMT+0200 (Central European Summer Time),118.93333333333334,0
Tue May 21 2024 15:26:00 GMT+0200 (Central European Summer Time),116.86666666666666,0.03333333333333333
Tue May 21 2024 15:27:00 GMT+0200 (Central European Summer Time),118.23333333333333,0.16666666666666666
Tue May 21 2024 15:28:00 GMT+0200 (Central European Summer Time),123.03333333333333,0.08333333333333333
Tue May 21 2024 15:29:00 GMT+0200 (Central European Summer Time),117.8,0.11666666666666667
Tue May 21 2024 15:30:00 GMT+0200 (Central European Summer Time),117.3,0.5166666666666666
Tue May 21 2024 15:31:00 GMT+0200 (Central European Summer Time),109.01666666666667,2.05
Tue May 21 2024 15:32:00 GMT+0200 (Central European Summer Time),124.61666666666666,0.16666666666666666
Tue May 21 2024 15:33:00 GMT+0200 (Central European Summer Time),118.48333333333333,0.45
Tue May 21 2024 15:34:00 GMT+0200 (Central European Summer Time),120.76666666666667,0.08333333333333333
Tue May 21 2024 15:35:00 GMT+0200 (Central European Summer Time),120.5,0.03333333333333333
Tue May 21 2024 15:36:00 GMT+0200 (Central European Summer Time),122.63333333333334,0.08333333333333333
Tue May 21 2024 15:37:00 GMT+0200 (Central European Summer Time),86.08333333333333,0.21666666666666667
Tue May 21 2024 15:38:00 GMT+0200 (Central European Summer Time),4.75,0.05
Tue May 21 2024 15:39:00 GMT+0200 (Central European Summer Time),6.983333333333333,1.0666666666666667
Tue May 21 2024 15:40:00 GMT+0200 (Central European Summer Time),7.449999999999999,3.933333333333333
Tue May 21 2024 15:41:00 GMT+0200 (Central European Summer Time),17.916666666666664,0.3
Tue May 21 2024 15:42:00 GMT+0200 (Central European Summer Time),41.45,0
Tue May 21 2024 15:43:00 GMT+0200 (Central European Summer Time),72.18333333333334,0.016666666666666666
Tue May 21 2024 15:44:00 GMT+0200 (Central European Summer Time),78.88333333333333,3.3166666666666664
Tue May 21 2024 15:45:00 GMT+0200 (Central European Summer Time),50.71666666666667,16.733333333333334
Tue May 21 2024 15:46:00 GMT+0200 (Central European Summer Time),18.516666666666666,6.116666666666666
Tue May 21 2024 15:47:00 GMT+0200 (Central European Summer Time),0,0
Tue May 21 2024 15:48:00 GMT+0200 (Central European Summer Time),13.483333333333333,155.61666666666667
Tue May 21 2024 15:49:00 GMT+0200 (Central European Summer Time),18.083333333333332,178.88333333333333
Tue May 21 2024 15:50:00 GMT+0200 (Central European Summer Time),4.316666666666666,0.26666666666666666
Tue May 21 2024 15:51:00 GMT+0200 (Central European Summer Time),5.516666666666667,102.45
Tue May 21 2024 15:52:00 GMT+0200 (Central European Summer Time),7.566666666666666,109.71666666666667
Tue May 21 2024 15:53:00 GMT+0200 (Central European Summer Time),6.216666666666667,44.916666666666664
Tue May 21 2024 15:54:00 GMT+0200 (Central European Summer Time),18.166666666666668,72.85
Tue May 21 2024 15:55:00 GMT+0200 (Central European Summer Time),49.083333333333336,28.233333333333334
Tue May 21 2024 15:56:00 GMT+0200 (Central European Summer Time),72.4,20.566666666666666
Tue May 21 2024 15:57:00 GMT+0200 (Central European Summer Time),84.75,22.483333333333334
Tue May 21 2024 15:58:00 GMT+0200 (Central European Summer Time),83.16666666666667,1.4833333333333334
Tue May 21 2024 15:59:00 GMT+0200 (Central European Summer Time),81.68333333333334,0.7666666666666666
Tue May 21 2024 16:00:00 GMT+0200 (Central European Summer Time),74.93333333333332,0.03333333333333333
Tue May 21 2024 16:01:00 GMT+0200 (Central European Summer Time),37.21666666666667,0
Tue May 21 2024 16:02:00 GMT+0200 (Central European Summer Time),35.05,0
Tue May 21 2024 16:03:00 GMT+0200 (Central European Summer Time),75.11666666666666,0.55
Tue May 21 2024 16:04:00 GMT+0200 (Central European Summer Time),94.06666666666666,0.55
Tue May 21 2024 16:05:00 GMT+0200 (Central European Summer Time),94.63333333333333,0
Tue May 21 2024 16:06:00 GMT+0200 (Central European Summer Time),83.81666666666666,0.016666666666666666
Tue May 21 2024 16:07:00 GMT+0200 (Central European Summer Time),57.266666666666666,0
Tue May 21 2024 16:08:00 GMT+0200 (Central European Summer Time),44.78333333333333,0
Tue May 21 2024 16:09:00 GMT+0200 (Central European Summer Time),64.48333333333333,0.16666666666666666
Tue May 21 2024 16:10:00 GMT+0200 (Central European Summer Time),93.8,0.18333333333333332
Tue May 21 2024 16:11:00 GMT+0200 (Central European Summer Time),107.89999999999999,0
Tue May 21 2024 16:12:00 GMT+0200 (Central European Summer Time),111.94999999999999,0
Tue May 21 2024 16:13:00 GMT+0200 (Central European Summer Time),86.3,0
Tue May 21 2024 16:14:00 GMT+0200 (Central European Summer Time),56.449999999999996,0
Tue May 21 2024 16:15:00 GMT+0200 (Central European Summer Time),56.56666666666666,0.016666666666666666
Tue May 21 2024 16:16:00 GMT+0200 (Central European Summer Time),57.4,0
Tue May 21 2024 16:17:00 GMT+0200 (Central European Summer Time),59.733333333333334,0
Tue May 21 2024 16:18:00 GMT+0200 (Central European Summer Time),60.9,0.03333333333333333
Tue May 21 2024 16:19:00 GMT+0200 (Central European Summer Time),60.8,0.016666666666666666
Tue May 21 2024 16:20:00 GMT+0200 (Central European Summer Time),60.449999999999996,0
Tue May 21 2024 16:21:00 GMT+0200 (Central European Summer Time),60.35,0
Tue May 21 2024 16:22:00 GMT+0200 (Central European Summer Time),61.483333333333334,0
Tue May 21 2024 16:23:00 GMT+0200 (Central European Summer Time),64.08333333333333,0
Tue May 21 2024 16:24:00 GMT+0200 (Central European Summer Time),67.03333333333333,0
Tue May 21 2024 16:25:00 GMT+0200 (Central European Summer Time),75.56666666666666,0
Tue May 21 2024 16:26:00 GMT+0200 (Central European Summer Time),81.83333333333333,0
Tue May 21 2024 16:27:00 GMT+0200 (Central European Summer Time),54.93333333333333,0
Tue May 21 2024 16:28:00 GMT+0200 (Central European Summer Time),30.1,0
Tue May 21 2024 16:29:00 GMT+0200 (Central European Summer Time),29.383333333333333,0.016666666666666666
Tue May 21 2024 16:30:00 GMT+0200 (Central European Summer Time),28.183333333333334,0.016666666666666666
Tue May 21 2024 16:31:00 GMT+0200 (Central European Summer Time),28.133333333333333,0
Tue May 21 2024 16:32:00 GMT+0200 (Central European Summer Time),28.5,0
Tue May 21 2024 16:33:00 GMT+0200 (Central European Summer Time),28.683333333333334,0
Tue May 21 2024 16:34:00 GMT+0200 (Central European Summer Time),29.166666666666664,0
Tue May 21 2024 16:35:00 GMT+0200 (Central European Summer Time),63.11666666666667,0
Tue May 21 2024 16:36:00 GMT+0200 (Central European Summer Time),89.18333333333334,0
Tue May 21 2024 16:37:00 GMT+0200 (Central European Summer Time),55.28333333333333,0
Tue May 21 2024 16:38:00 GMT+0200 (Central European Summer Time),30.166666666666668,0
Tue May 21 2024 16:39:00 GMT+0200 (Central European Summer Time),31.033333333333335,0.016666666666666666
Tue May 21 2024 16:40:00 GMT+0200 (Central European Summer Time),30.583333333333332,0.016666666666666666
Tue May 21 2024 16:41:00 GMT+0200 (Central European Summer Time),29.7,0.016666666666666666
Tue May 21 2024 16:42:00 GMT+0200 (Central European Summer Time),30.116666666666667,0
Tue May 21 2024 16:43:00 GMT+0200 (Central European Summer Time),30.516666666666666,0
Tue May 21 2024 16:44:00 GMT+0200 (Central European Summer Time),31.7,0.016666666666666666
Tue May 21 2024 16:45:00 GMT+0200 (Central European Summer Time),31.35,0
Tue May 21 2024 16:46:00 GMT+0200 (Central European Summer Time),30.616666666666667,0
Tue May 21 2024 16:47:00 GMT+0200 (Central European Summer Time),30.233333333333334,0
Tue May 21 2024 16:48:00 GMT+0200 (Central European Summer Time),30.4,0
Tue May 21 2024 16:49:00 GMT+0200 (Central European Summer Time),32.45,0.016666666666666666
Tue May 21 2024 16:50:00 GMT+0200 (Central European Summer Time),33.63333333333333,0.03333333333333333
Tue May 21 2024 16:51:00 GMT+0200 (Central European Summer Time),33.166666666666664,0.03333333333333333
Tue May 21 2024 16:52:00 GMT+0200 (Central European Summer Time),32.2,0.016666666666666666
Tue May 21 2024 16:53:00 GMT+0200 (Central European Summer Time),32.4,0
Tue May 21 2024 16:54:00 GMT+0200 (Central European Summer Time),35.63333333333333,0.016666666666666666
Tue May 21 2024 16:55:00 GMT+0200 (Central European Summer Time),71.36666666666666,0.016666666666666666
Tue May 21 2024 16:56:00 GMT+0200 (Central European Summer Time),87.1,0
Tue May 21 2024 16:57:00 GMT+0200 (Central European Summer Time),50.88333333333333,0
Tue May 21 2024 16:58:00 GMT+0200 (Central European Summer Time),32.21666666666667,0.016666666666666666
Tue May 21 2024 16:59:00 GMT+0200 (Central European Summer Time),31.666666666666668,0
Tue May 21 2024 17:00:00 GMT+0200 (Central European Summer Time),33.983333333333334,0
Tue May 21 2024 17:01:00 GMT+0200 (Central European Summer Time),33.18333333333333,0
Tue May 21 2024 17:02:00 GMT+0200 (Central European Summer Time),33.833333333333336,0
Tue May 21 2024 17:03:00 GMT+0200 (Central European Summer Time),35.11666666666667,0
Tue May 21 2024 17:04:00 GMT+0200 (Central European Summer Time),34.266666666666666,0
Tue May 21 2024 17:05:00 GMT+0200 (Central European Summer Time),52.88333333333333,0
Tue May 21 2024 17:06:00 GMT+0200 (Central European Summer Time),90.08333333333333,0
Tue May 21 2024 17:07:00 GMT+0200 (Central European Summer Time),97.78333333333333,0.03333333333333333
Tue May 21 2024 17:08:00 GMT+0200 (Central European Summer Time),60.416666666666664,0.016666666666666666
Tue May 21 2024 17:09:00 GMT+0200 (Central European Summer Time),34.38333333333333,0
Tue May 21 2024 17:10:00 GMT+0200 (Central European Summer Time),35.53333333333333,0
Tue May 21 2024 17:11:00 GMT+0200 (Central European Summer Time),35.233333333333334,0.016666666666666666
Tue May 21 2024 17:12:00 GMT+0200 (Central European Summer Time),34.666666666666664,0
Tue May 21 2024 17:13:00 GMT+0200 (Central European Summer Time),35.6,0
Tue May 21 2024 17:14:00 GMT+0200 (Central European Summer Time),62.21666666666667,0
Tue May 21 2024 17:15:00 GMT+0200 (Central European Summer Time),101.81666666666666,0
Tue May 21 2024 17:16:00 GMT+0200 (Central European Summer Time),101.53333333333333,0
Tue May 21 2024 17:17:00 GMT+0200 (Central European Summer Time),64.13333333333333,0
Tue May 21 2024 17:18:00 GMT+0200 (Central European Summer Time),38.083333333333336,0
Tue May 21 2024 17:19:00 GMT+0200 (Central European Summer Time),38.166666666666664,0
Tue May 21 2024 17:20:00 GMT+0200 (Central European Summer Time),38.36666666666667,0
Tue May 21 2024 17:21:00 GMT+0200 (Central European Summer Time),36.516666666666666,0.016666666666666666
Tue May 21 2024 17:22:00 GMT+0200 (Central European Summer Time),66.63333333333334,0
Tue May 21 2024 17:23:00 GMT+0200 (Central European Summer Time),96.28333333333333,0.016666666666666666
Tue May 21 2024 17:24:00 GMT+0200 (Central European Summer Time),67.71666666666667,0
Tue May 21 2024 17:25:00 GMT+0200 (Central European Summer Time),39.81666666666666,0
Tue May 21 2024 17:26:00 GMT+0200 (Central European Summer Time),40.166666666666664,0
Tue May 21 2024 17:27:00 GMT+0200 (Central European Summer Time),50.2,0
Tue May 21 2024 17:28:00 GMT+0200 (Central European Summer Time),88.03333333333333,0.016666666666666666
Tue May 21 2024 17:29:00 GMT+0200 (Central European Summer Time),108.46666666666667,0
Tue May 21 2024 17:30:00 GMT+0200 (Central European Summer Time),70.96666666666667,0
Tue May 21 2024 17:31:00 GMT+0200 (Central European Summer Time),42.4,0
Tue May 21 2024 17:32:00 GMT+0200 (Central European Summer Time),41.65,0
Tue May 21 2024 17:33:00 GMT+0200 (Central European Summer Time),79.83333333333334,0
Tue May 21 2024 17:34:00 GMT+0200 (Central European Summer Time),119.51666666666667,0.016666666666666666
Tue May 21 2024 17:35:00 GMT+0200 (Central European Summer Time),119.38333333333333,0.03333333333333333
Tue May 21 2024 17:36:00 GMT+0200 (Central European Summer Time),117.23333333333333,0.016666666666666666
Tue May 21 2024 17:37:00 GMT+0200 (Central European Summer Time),115.16666666666667,0
Tue May 21 2024 17:38:00 GMT+0200 (Central European Summer Time),113.51666666666667,0
Tue May 21 2024 17:39:00 GMT+0200 (Central European Summer Time),108.03333333333333,0
Tue May 21 2024 17:40:00 GMT+0200 (Central European Summer Time),104.66666666666666,0
Tue May 21 2024 17:41:00 GMT+0200 (Central European Summer Time),95.31666666666666,0
Tue May 21 2024 17:42:00 GMT+0200 (Central European Summer Time),65.64999999999999,0
Tue May 21 2024 17:43:00 GMT+0200 (Central European Summer Time),43.78333333333333,0
Tue May 21 2024 17:44:00 GMT+0200 (Central European Summer Time),43.9,0
Tue May 21 2024 17:45:00 GMT+0200 (Central European Summer Time),44.699999999999996,0
Tue May 21 2024 17:46:00 GMT+0200 (Central European Summer Time),43.63333333333333,0
Tue May 21 2024 17:47:00 GMT+0200 (Central European Summer Time),42.916666666666664,0
Tue May 21 2024 17:48:00 GMT+0200 (Central European Summer Time),76.28333333333333,0
Tue May 21 2024 17:49:00 GMT+0200 (Central European Summer Time),104.03333333333333,0
Tue May 21 2024 17:50:00 GMT+0200 (Central European Summer Time),72.46666666666667,0.016666666666666666
Tue May 21 2024 17:51:00 GMT+0200 (Central European Summer Time),43.266666666666666,0.016666666666666666
Tue May 21 2024 17:52:00 GMT+0200 (Central European Summer Time),42.63333333333333,0.016666666666666666
Tue May 21 2024 17:53:00 GMT+0200 (Central European Summer Time),58.15,0
Tue May 21 2024 17:54:00 GMT+0200 (Central European Summer Time),91.95,0
Tue May 21 2024 17:55:00 GMT+0200 (Central European Summer Time),110.95,0
Tue May 21 2024 17:56:00 GMT+0200 (Central European Summer Time),101.2,19.933333333333334
Tue May 21 2024 17:57:00 GMT+0200 (Central European Summer Time),101.95,72.3
Tue May 21 2024 17:58:00 GMT+0200 (Central European Summer Time),114.78333333333333,54.25
Tue May 21 2024 17:59:00 GMT+0200 (Central European Summer Time),113.25,0
Tue May 21 2024 18:00:00 GMT+0200 (Central European Summer Time),108.3,0.016666666666666666
Tue May 21 2024 18:01:00 GMT+0200 (Central European Summer Time),108.58333333333333,0.016666666666666666
Tue May 21 2024 18:02:00 GMT+0200 (Central European Summer Time),111.3,0.05
Tue May 21 2024 18:03:00 GMT+0200 (Central European Summer Time),113.53333333333333,0.05
Tue May 21 2024 18:04:00 GMT+0200 (Central European Summer Time),115.23333333333333,0
Tue May 21 2024 18:05:00 GMT+0200 (Central European Summer Time),117.53333333333333,6.766666666666667
Tue May 21 2024 18:06:00 GMT+0200 (Central European Summer Time),117.96666666666667,7.166666666666667
Tue May 21 2024 18:07:00 GMT+0200 (Central European Summer Time),114.05000000000001,0
Tue May 21 2024 18:08:00 GMT+0200 (Central European Summer Time),79.91666666666667,0.016666666666666666
Tue May 21 2024 18:09:00 GMT+0200 (Central European Summer Time),50.916666666666664,0
Tue May 21 2024 18:10:00 GMT+0200 (Central European Summer Time),53.266666666666666,0
Tue May 21 2024 18:11:00 GMT+0200 (Central European Summer Time),53.21666666666667,0
Tue May 21 2024 18:12:00 GMT+0200 (Central European Summer Time),65.73333333333332,0
Tue May 21 2024 18:13:00 GMT+0200 (Central European Summer Time),96.48333333333333,0
Tue May 21 2024 18:14:00 GMT+0200 (Central European Summer Time),113.01666666666667,0
Tue May 21 2024 18:15:00 GMT+0200 (Central European Summer Time),83.25,0
Tue May 21 2024 18:16:00 GMT+0200 (Central European Summer Time),53.199999999999996,0
Tue May 21 2024 18:17:00 GMT+0200 (Central European Summer Time),64.83333333333333,0
Tue May 21 2024 18:18:00 GMT+0200 (Central European Summer Time),95.58333333333333,0
Tue May 21 2024 18:19:00 GMT+0200 (Central European Summer Time),117.98333333333333,0
Tue May 21 2024 18:20:00 GMT+0200 (Central European Summer Time),117.78333333333333,0
Tue May 21 2024 18:21:00 GMT+0200 (Central European Summer Time),85.7,0.016666666666666666
Tue May 21 2024 18:22:00 GMT+0200 (Central European Summer Time),58.7,0
Tue May 21 2024 18:23:00 GMT+0200 (Central European Summer Time),91.86666666666666,0
Tue May 21 2024 18:24:00 GMT+0200 (Central European Summer Time),122.08333333333333,0
Tue May 21 2024 18:25:00 GMT+0200 (Central European Summer Time),120.78333333333333,0
Tue May 21 2024 18:26:00 GMT+0200 (Central European Summer Time),120.31666666666666,0
Tue May 21 2024 18:27:00 GMT+0200 (Central European Summer Time),118.61666666666666,0
Tue May 21 2024 18:28:00 GMT+0200 (Central European Summer Time),86.91666666666667,0
Tue May 21 2024 18:29:00 GMT+0200 (Central European Summer Time),56,0
Tue May 21 2024 18:30:00 GMT+0200 (Central European Summer Time),55.6,0
Tue May 21 2024 18:31:00 GMT+0200 (Central European Summer Time),55.55,0
Tue May 21 2024 18:32:00 GMT+0200 (Central European Summer Time),57.53333333333333,0
Tue May 21 2024 18:33:00 GMT+0200 (Central European Summer Time),58.233333333333334,0
Tue May 21 2024 18:34:00 GMT+0200 (Central European Summer Time),65.98333333333332,0
Tue May 21 2024 18:35:00 GMT+0200 (Central European Summer Time),97.55,0
Tue May 21 2024 18:36:00 GMT+0200 (Central European Summer Time),121.3,0
Tue May 21 2024 18:37:00 GMT+0200 (Central European Summer Time),91,0
Tue May 21 2024 18:38:00 GMT+0200 (Central European Summer Time),63.88333333333333,0
Tue May 21 2024 18:39:00 GMT+0200 (Central European Summer Time),91.38333333333334,0
Tue May 21 2024 18:40:00 GMT+0200 (Central European Summer Time),118.43333333333334,0.05
Tue May 21 2024 18:41:00 GMT+0200 (Central European Summer Time),120.26666666666667,0.06666666666666667
Tue May 21 2024 18:42:00 GMT+0200 (Central European Summer Time),89.1,0
Tue May 21 2024 18:43:00 GMT+0200 (Central European Summer Time),58.68333333333333,0
Tue May 21 2024 18:44:00 GMT+0200 (Central European Summer Time),67.66666666666667,0
Tue May 21 2024 18:45:00 GMT+0200 (Central European Summer Time),98.58333333333334,0
Tue May 21 2024 18:46:00 GMT+0200 (Central European Summer Time),122.21666666666667,0
Tue May 21 2024 18:47:00 GMT+0200 (Central European Summer Time),92.5,0
Tue May 21 2024 18:48:00 GMT+0200 (Central European Summer Time),68.05,0
Tue May 21 2024 18:49:00 GMT+0200 (Central European Summer Time),98.76666666666667,0
Tue May 21 2024 18:50:00 GMT+0200 (Central European Summer Time),122.15,0
Tue May 21 2024 18:51:00 GMT+0200 (Central European Summer Time),93.10000000000001,0
Tue May 21 2024 18:52:00 GMT+0200 (Central European Summer Time),61.5,0
Tue May 21 2024 18:53:00 GMT+0200 (Central European Summer Time),59.46666666666667,0
Tue May 21 2024 18:54:00 GMT+0200 (Central European Summer Time),59.61666666666667,0.016666666666666666
Tue May 21 2024 18:55:00 GMT+0200 (Central European Summer Time),60.650000000000006,0.016666666666666666
Tue May 21 2024 18:56:00 GMT+0200 (Central European Summer Time),61.53333333333333,0
Tue May 21 2024 18:57:00 GMT+0200 (Central European Summer Time),69.83333333333333,0
Tue May 21 2024 18:58:00 GMT+0200 (Central European Summer Time),95.6,0
Tue May 21 2024 18:59:00 GMT+0200 (Central European Summer Time),117.25,0
Tue May 21 2024 19:00:00 GMT+0200 (Central European Summer Time),118.3,0
Tue May 21 2024 19:01:00 GMT+0200 (Central European Summer Time),92.73333333333333,0
Tue May 21 2024 19:02:00 GMT+0200 (Central European Summer Time),63.35,0
Tue May 21 2024 19:03:00 GMT+0200 (Central European Summer Time),60.699999999999996,0.016666666666666666
Tue May 21 2024 19:04:00 GMT+0200 (Central European Summer Time),62.233333333333334,0
Tue May 21 2024 19:05:00 GMT+0200 (Central European Summer Time),61.75,0
Tue May 21 2024 19:06:00 GMT+0200 (Central European Summer Time),62.583333333333336,0
Tue May 21 2024 19:07:00 GMT+0200 (Central European Summer Time),63.233333333333334,0
Tue May 21 2024 19:08:00 GMT+0200 (Central European Summer Time),61.8,0
Tue May 21 2024 19:09:00 GMT+0200 (Central European Summer Time),62.483333333333334,0
Tue May 21 2024 19:10:00 GMT+0200 (Central European Summer Time),63.11666666666667,0
Tue May 21 2024 19:11:00 GMT+0200 (Central European Summer Time),63.516666666666666,0
Tue May 21 2024 19:12:00 GMT+0200 (Central European Summer Time),65.7,0
Tue May 21 2024 19:13:00 GMT+0200 (Central European Summer Time),64.65,0
Tue May 21 2024 19:14:00 GMT+0200 (Central European Summer Time),63.15,0
Tue May 21 2024 19:15:00 GMT+0200 (Central European Summer Time),65.16666666666667,0
Tue May 21 2024 19:16:00 GMT+0200 (Central European Summer Time),63.949999999999996,0
Tue May 21 2024 19:17:00 GMT+0200 (Central European Summer Time),63.05,0
Tue May 21 2024 19:18:00 GMT+0200 (Central European Summer Time),63.68333333333333,0
Tue May 21 2024 19:19:00 GMT+0200 (Central European Summer Time),62.666666666666664,0
Tue May 21 2024 19:20:00 GMT+0200 (Central European Summer Time),61.3,0
Tue May 21 2024 19:21:00 GMT+0200 (Central European Summer Time),61.1,0
Tue May 21 2024 19:22:00 GMT+0200 (Central European Summer Time),61.9,0
Tue May 21 2024 19:23:00 GMT+0200 (Central European Summer Time),62.699999999999996,0
Tue May 21 2024 19:24:00 GMT+0200 (Central European Summer Time),62.65,0
Tue May 21 2024 19:25:00 GMT+0200 (Central European Summer Time),61.666666666666664,0
Tue May 21 2024 19:26:00 GMT+0200 (Central European Summer Time),62.38333333333333,0
Tue May 21 2024 19:27:00 GMT+0200 (Central European Summer Time),62.199999999999996,0
Tue May 21 2024 19:28:00 GMT+0200 (Central European Summer Time),62.400000000000006,0
Tue May 21 2024 19:29:00 GMT+0200 (Central European Summer Time),64.44999999999999,0
Tue May 21 2024 19:30:00 GMT+0200 (Central European Summer Time),64.2,0
Tue May 21 2024 19:31:00 GMT+0200 (Central European Summer Time),68.55,0
Tue May 21 2024 19:32:00 GMT+0200 (Central European Summer Time),95.63333333333333,0
Tue May 21 2024 19:33:00 GMT+0200 (Central European Summer Time),117.05,0
Tue May 21 2024 19:34:00 GMT+0200 (Central European Summer Time),113.7,0
Tue May 21 2024 19:35:00 GMT+0200 (Central European Summer Time),113.43333333333334,0
Tue May 21 2024 19:36:00 GMT+0200 (Central European Summer Time),115.93333333333334,0
Tue May 21 2024 19:37:00 GMT+0200 (Central European Summer Time),115.85,0
Tue May 21 2024 19:38:00 GMT+0200 (Central European Summer Time),114.78333333333333,0
Tue May 21 2024 19:39:00 GMT+0200 (Central European Summer Time),95.98333333333333,0.016666666666666666
Tue May 21 2024 19:40:00 GMT+0200 (Central European Summer Time),71.96666666666665,0
Tue May 21 2024 19:41:00 GMT+0200 (Central European Summer Time),65.83333333333333,0
Tue May 21 2024 19:42:00 GMT+0200 (Central European Summer Time),69.5,0
Tue May 21 2024 19:43:00 GMT+0200 (Central European Summer Time),93.68333333333334,0
Tue May 21 2024 19:44:00 GMT+0200 (Central European Summer Time),116.01666666666667,0
Tue May 21 2024 19:45:00 GMT+0200 (Central European Summer Time),100.65,0.016666666666666666
Tue May 21 2024 19:46:00 GMT+0200 (Central European Summer Time),75.43333333333334,0
Tue May 21 2024 19:47:00 GMT+0200 (Central European Summer Time),88.25,0
Tue May 21 2024 19:48:00 GMT+0200 (Central European Summer Time),114.43333333333334,0
Tue May 21 2024 19:49:00 GMT+0200 (Central European Summer Time),103.18333333333334,0
Tue May 21 2024 19:50:00 GMT+0200 (Central European Summer Time),77.6,0
Tue May 21 2024 19:51:00 GMT+0200 (Central European Summer Time),68.26666666666667,0
Tue May 21 2024 19:52:00 GMT+0200 (Central European Summer Time),69.03333333333333,0
Tue May 21 2024 19:53:00 GMT+0200 (Central European Summer Time),72.28333333333333,0
Tue May 21 2024 19:54:00 GMT+0200 (Central European Summer Time),96.48333333333333,0
Tue May 21 2024 19:55:00 GMT+0200 (Central European Summer Time),121.16666666666667,0.016666666666666666
Tue May 21 2024 19:56:00 GMT+0200 (Central European Summer Time),104.43333333333334,0
Tue May 21 2024 19:57:00 GMT+0200 (Central European Summer Time),78.85000000000001,0
Tue May 21 2024 19:58:00 GMT+0200 (Central European Summer Time),70.61666666666666,0
Tue May 21 2024 19:59:00 GMT+0200 (Central European Summer Time),72.9,0
Tue May 21 2024 20:00:00 GMT+0200 (Central European Summer Time),99.2,0
Tue May 21 2024 20:01:00 GMT+0200 (Central European Summer Time),122.88333333333333,0
Tue May 21 2024 20:02:00 GMT+0200 (Central European Summer Time),120.39999999999999,0
Tue May 21 2024 20:03:00 GMT+0200 (Central European Summer Time),101.36666666666666,0
Tue May 21 2024 20:04:00 GMT+0200 (Central European Summer Time),79.11666666666666,0.016666666666666666
Tue May 21 2024 20:05:00 GMT+0200 (Central European Summer Time),72.85,0
Tue May 21 2024 20:06:00 GMT+0200 (Central European Summer Time),71.11666666666666,0
Tue May 21 2024 20:07:00 GMT+0200 (Central European Summer Time),71.16666666666667,0
Tue May 21 2024 20:08:00 GMT+0200 (Central European Summer Time),72.46666666666667,0
Tue May 21 2024 20:09:00 GMT+0200 (Central European Summer Time),71.6,0
Tue May 21 2024 20:10:00 GMT+0200 (Central European Summer Time),72.2,0
Tue May 21 2024 20:11:00 GMT+0200 (Central European Summer Time),73.56666666666666,0.016666666666666666
Tue May 21 2024 20:12:00 GMT+0200 (Central European Summer Time),72.69999999999999,0
Tue May 21 2024 20:13:00 GMT+0200 (Central European Summer Time),74.74999999999999,0
Tue May 21 2024 20:14:00 GMT+0200 (Central European Summer Time),75.08333333333333,0
Tue May 21 2024 20:15:00 GMT+0200 (Central European Summer Time),72.41666666666667,0
Tue May 21 2024 20:16:00 GMT+0200 (Central European Summer Time),72.25,0
Tue May 21 2024 20:17:00 GMT+0200 (Central European Summer Time),87.06666666666666,0
Tue May 21 2024 20:18:00 GMT+0200 (Central European Summer Time),112.08333333333333,0
Tue May 21 2024 20:19:00 GMT+0200 (Central European Summer Time),121.95,0
Tue May 21 2024 20:20:00 GMT+0200 (Central European Summer Time),111.73333333333333,0
Tue May 21 2024 20:21:00 GMT+0200 (Central European Summer Time),111.08333333333333,0
Tue May 21 2024 20:22:00 GMT+0200 (Central European Summer Time),120.96666666666667,0
Tue May 21 2024 20:23:00 GMT+0200 (Central European Summer Time),120.94999999999999,0
Tue May 21 2024 20:24:00 GMT+0200 (Central European Summer Time),103.36666666666666,0
Tue May 21 2024 20:25:00 GMT+0200 (Central European Summer Time),81.14999999999999,0
Tue May 21 2024 20:26:00 GMT+0200 (Central European Summer Time),95.93333333333334,0
Tue May 21 2024 20:27:00 GMT+0200 (Central European Summer Time),120.51666666666667,0
Tue May 21 2024 20:28:00 GMT+0200 (Central European Summer Time),112.13333333333333,0
Tue May 21 2024 20:29:00 GMT+0200 (Central European Summer Time),86.26666666666667,0
Tue May 21 2024 20:30:00 GMT+0200 (Central European Summer Time),76.9,0
Tue May 21 2024 20:31:00 GMT+0200 (Central European Summer Time),76.36666666666666,0
Tue May 21 2024 20:32:00 GMT+0200 (Central European Summer Time),75.91666666666667,0
Tue May 21 2024 20:33:00 GMT+0200 (Central European Summer Time),77.41666666666667,0
Tue May 21 2024 20:34:00 GMT+0200 (Central European Summer Time),76.11666666666666,0
Tue May 21 2024 20:35:00 GMT+0200 (Central European Summer Time),75.69999999999999,0
Tue May 21 2024 20:36:00 GMT+0200 (Central European Summer Time),99.03333333333333,0
Tue May 21 2024 20:37:00 GMT+0200 (Central European Summer Time),121.28333333333333,0
Tue May 21 2024 20:38:00 GMT+0200 (Central European Summer Time),111.86666666666666,0
Tue May 21 2024 20:39:00 GMT+0200 (Central European Summer Time),90.45,0
Tue May 21 2024 20:40:00 GMT+0200 (Central European Summer Time),78.36666666666667,0
Tue May 21 2024 20:41:00 GMT+0200 (Central European Summer Time),78.80000000000001,0
Tue May 21 2024 20:42:00 GMT+0200 (Central European Summer Time),77.51666666666667,0.016666666666666666
Tue May 21 2024 20:43:00 GMT+0200 (Central European Summer Time),77.66666666666667,0.03333333333333333
Tue May 21 2024 20:44:00 GMT+0200 (Central European Summer Time),88.8,0
Tue May 21 2024 20:45:00 GMT+0200 (Central European Summer Time),112.43333333333332,0
Tue May 21 2024 20:46:00 GMT+0200 (Central European Summer Time),124.68333333333332,0
Tue May 21 2024 20:47:00 GMT+0200 (Central European Summer Time),112.35,0.016666666666666666
Tue May 21 2024 20:48:00 GMT+0200 (Central European Summer Time),90.28333333333333,0
Tue May 21 2024 20:49:00 GMT+0200 (Central European Summer Time),78.48333333333333,0
Tue May 21 2024 20:50:00 GMT+0200 (Central European Summer Time),78.71666666666667,0.016666666666666666
Tue May 21 2024 20:51:00 GMT+0200 (Central European Summer Time),78.7,0
Tue May 21 2024 20:52:00 GMT+0200 (Central European Summer Time),79.58333333333334,0
Tue May 21 2024 20:53:00 GMT+0200 (Central European Summer Time),81.8,0.016666666666666666
Tue May 21 2024 20:54:00 GMT+0200 (Central European Summer Time),79.83333333333333,0
Tue May 21 2024 20:55:00 GMT+0200 (Central European Summer Time),80.63333333333333,0
Tue May 21 2024 20:56:00 GMT+0200 (Central European Summer Time),80,0
Tue May 21 2024 20:57:00 GMT+0200 (Central European Summer Time),78.38333333333333,0
Tue May 21 2024 20:58:00 GMT+0200 (Central European Summer Time),81.85,0
Tue May 21 2024 20:59:00 GMT+0200 (Central European Summer Time),82.1,0
Tue May 21 2024 21:00:00 GMT+0200 (Central European Summer Time),81.2,0
Tue May 21 2024 21:01:00 GMT+0200 (Central European Summer Time),80.53333333333333,0
Tue May 21 2024 21:02:00 GMT+0200 (Central European Summer Time),78.28333333333333,0
Tue May 21 2024 21:03:00 GMT+0200 (Central European Summer Time),94.81666666666668,0
Tue May 21 2024 21:04:00 GMT+0200 (Central European Summer Time),115.43333333333334,0
Tue May 21 2024 21:05:00 GMT+0200 (Central European Summer Time),118.6,0
Tue May 21 2024 21:06:00 GMT+0200 (Central European Summer Time),116.45,0
Tue May 21 2024 21:07:00 GMT+0200 (Central European Summer Time),107.96666666666665,0
Tue May 21 2024 21:08:00 GMT+0200 (Central European Summer Time),90.93333333333332,0
Tue May 21 2024 21:09:00 GMT+0200 (Central European Summer Time),81.33333333333333,0
Tue May 21 2024 21:10:00 GMT+0200 (Central European Summer Time),79.95,0
Tue May 21 2024 21:11:00 GMT+0200 (Central European Summer Time),79.48333333333333,0
Tue May 21 2024 21:12:00 GMT+0200 (Central European Summer Time),100.95,0
Tue May 21 2024 21:13:00 GMT+0200 (Central European Summer Time),121.05,0
Tue May 21 2024 21:14:00 GMT+0200 (Central European Summer Time),113.71666666666667,0
Tue May 21 2024 21:15:00 GMT+0200 (Central European Summer Time),114.08333333333333,0
Tue May 21 2024 21:16:00 GMT+0200 (Central European Summer Time),121.33333333333333,0
Tue May 21 2024 21:17:00 GMT+0200 (Central European Summer Time),113.71666666666667,0
Tue May 21 2024 21:18:00 GMT+0200 (Central European Summer Time),94.39999999999999,0
Tue May 21 2024 21:19:00 GMT+0200 (Central European Summer Time),83.36666666666666,0
Tue May 21 2024 21:20:00 GMT+0200 (Central European Summer Time),82.45,0
Tue May 21 2024 21:21:00 GMT+0200 (Central European Summer Time),81.76666666666667,0
Tue May 21 2024 21:22:00 GMT+0200 (Central European Summer Time),93.4,0
Tue May 21 2024 21:23:00 GMT+0200 (Central European Summer Time),113.83333333333333,0
Tue May 21 2024 21:24:00 GMT+0200 (Central European Summer Time),124.26666666666667,0
Tue May 21 2024 21:25:00 GMT+0200 (Central European Summer Time),122,0
Tue May 21 2024 21:26:00 GMT+0200 (Central European Summer Time),115.21666666666667,0
Tue May 21 2024 21:27:00 GMT+0200 (Central European Summer Time),107.39999999999999,0
Tue May 21 2024 21:28:00 GMT+0200 (Central European Summer Time),111.64999999999999,0
Tue May 21 2024 21:29:00 GMT+0200 (Central European Summer Time),124.8,0
Tue May 21 2024 21:30:00 GMT+0200 (Central European Summer Time),120.3,0
Tue May 21 2024 21:31:00 GMT+0200 (Central European Summer Time),100.41666666666666,0
Tue May 21 2024 21:32:00 GMT+0200 (Central European Summer Time),87.98333333333333,0
Tue May 21 2024 21:33:00 GMT+0200 (Central European Summer Time),84.7,0
Tue May 21 2024 21:34:00 GMT+0200 (Central European Summer Time),84.66666666666667,0
Tue May 21 2024 21:35:00 GMT+0200 (Central European Summer Time),85.11666666666667,0
Tue May 21 2024 21:36:00 GMT+0200 (Central European Summer Time),79.93333333333334,0
Tue May 21 2024 21:37:00 GMT+0200 (Central European Summer Time),84.43333333333334,0
Tue May 21 2024 21:38:00 GMT+0200 (Central European Summer Time),89.71666666666667,0
Tue May 21 2024 21:39:00 GMT+0200 (Central European Summer Time),87.05,0
Tue May 21 2024 21:40:00 GMT+0200 (Central European Summer Time),85.33333333333333,0
Tue May 21 2024 21:41:00 GMT+0200 (Central European Summer Time),86.91666666666666,0
Tue May 21 2024 21:42:00 GMT+0200 (Central European Summer Time),87.05,0
Tue May 21 2024 21:43:00 GMT+0200 (Central European Summer Time),86.23333333333333,0
Tue May 21 2024 21:44:00 GMT+0200 (Central European Summer Time),88.66666666666667,0
Tue May 21 2024 21:45:00 GMT+0200 (Central European Summer Time),86.51666666666667,0
Tue May 21 2024 21:46:00 GMT+0200 (Central European Summer Time),86.3,0
Tue May 21 2024 21:47:00 GMT+0200 (Central European Summer Time),88.85,0
Tue May 21 2024 21:48:00 GMT+0200 (Central European Summer Time),87.71666666666667,0.016666666666666666
Tue May 21 2024 21:49:00 GMT+0200 (Central European Summer Time),87.48333333333333,0
Tue May 21 2024 21:50:00 GMT+0200 (Central European Summer Time),85.08333333333333,0
Tue May 21 2024 21:51:00 GMT+0200 (Central European Summer Time),87.83333333333333,0
Tue May 21 2024 21:52:00 GMT+0200 (Central European Summer Time),95.03333333333333,0
Tue May 21 2024 21:53:00 GMT+0200 (Central European Summer Time),91.91666666666666,0
Tue May 21 2024 21:54:00 GMT+0200 (Central European Summer Time),88.18333333333334,0
Tue May 21 2024 21:55:00 GMT+0200 (Central European Summer Time),86.46666666666667,0
Tue May 21 2024 21:56:00 GMT+0200 (Central European Summer Time),86.16666666666666,0
Tue May 21 2024 21:57:00 GMT+0200 (Central European Summer Time),89.80000000000001,0
Tue May 21 2024 21:58:00 GMT+0200 (Central European Summer Time),90.96666666666665,0.016666666666666666
Tue May 21 2024 21:59:00 GMT+0200 (Central European Summer Time),89.1,0
Tue May 21 2024 22:00:00 GMT+0200 (Central European Summer Time),89.25,0
Tue May 21 2024 22:01:00 GMT+0200 (Central European Summer Time),89.9,0
Tue May 21 2024 22:02:00 GMT+0200 (Central European Summer Time),89.39999999999999,0
Tue May 21 2024 22:03:00 GMT+0200 (Central European Summer Time),89.73333333333332,0
Tue May 21 2024 22:04:00 GMT+0200 (Central European Summer Time),86.01666666666667,0
Tue May 21 2024 22:05:00 GMT+0200 (Central European Summer Time),90.55,0
Tue May 21 2024 22:06:00 GMT+0200 (Central European Summer Time),94.73333333333333,0
Tue May 21 2024 22:07:00 GMT+0200 (Central European Summer Time),89,0
Tue May 21 2024 22:08:00 GMT+0200 (Central European Summer Time),90.23333333333333,0
Tue May 21 2024 22:09:00 GMT+0200 (Central European Summer Time),92.2,0
Tue May 21 2024 22:10:00 GMT+0200 (Central European Summer Time),90.4,0
Tue May 21 2024 22:11:00 GMT+0200 (Central European Summer Time),88.08333333333333,0
Tue May 21 2024 22:12:00 GMT+0200 (Central European Summer Time),90.11666666666666,0
Tue May 21 2024 22:13:00 GMT+0200 (Central European Summer Time),90.69999999999999,0.016666666666666666
Tue May 21 2024 22:14:00 GMT+0200 (Central European Summer Time),89.31666666666666,0
Tue May 21 2024 22:15:00 GMT+0200 (Central European Summer Time),91.89999999999999,0.016666666666666666
Tue May 21 2024 22:16:00 GMT+0200 (Central European Summer Time),91.16666666666667,0
Tue May 21 2024 22:17:00 GMT+0200 (Central European Summer Time),90.58333333333333,0
Tue May 21 2024 22:18:00 GMT+0200 (Central European Summer Time),88.03333333333333,0
Tue May 21 2024 22:19:00 GMT+0200 (Central European Summer Time),92.23333333333333,0
Tue May 21 2024 22:20:00 GMT+0200 (Central European Summer Time),98,0
Tue May 21 2024 22:21:00 GMT+0200 (Central European Summer Time),91.6,0
Tue May 21 2024 22:22:00 GMT+0200 (Central European Summer Time),91.01666666666667,0.016666666666666666
Tue May 21 2024 22:23:00 GMT+0200 (Central European Summer Time),90.76666666666667,0
Tue May 21 2024 22:24:00 GMT+0200 (Central European Summer Time),91.06666666666666,0
Tue May 21 2024 22:25:00 GMT+0200 (Central European Summer Time),93.66666666666666,0
Tue May 21 2024 22:26:00 GMT+0200 (Central European Summer Time),92.73333333333333,0
Tue May 21 2024 22:27:00 GMT+0200 (Central European Summer Time),90.75,0
Tue May 21 2024 22:28:00 GMT+0200 (Central European Summer Time),90.75,0
Tue May 21 2024 22:29:00 GMT+0200 (Central European Summer Time),92.25,0
Tue May 21 2024 22:30:00 GMT+0200 (Central European Summer Time),93.88333333333334,0
Tue May 21 2024 22:31:00 GMT+0200 (Central European Summer Time),91.25,0
Tue May 21 2024 22:32:00 GMT+0200 (Central European Summer Time),88.3,0
Tue May 21 2024 22:33:00 GMT+0200 (Central European Summer Time),94.4,0
Tue May 21 2024 22:34:00 GMT+0200 (Central European Summer Time),63.983333333333334,0.016666666666666666
Tue May 21 2024 22:35:00 GMT+0200 (Central European Summer Time),27.2,0.75
Tue May 21 2024 22:36:00 GMT+0200 (Central European Summer Time),72.18333333333332,1.1166666666666667
Tue May 21 2024 22:37:00 GMT+0200 (Central European Summer Time),121.26666666666667,0.35
Tue May 21 2024 22:38:00 GMT+0200 (Central European Summer Time),125.45,0.016666666666666666
Tue May 21 2024 22:39:00 GMT+0200 (Central European Summer Time),124.66666666666667,0
Tue May 21 2024 22:40:00 GMT+0200 (Central European Summer Time),123.8,0.03333333333333333
Tue May 21 2024 22:41:00 GMT+0200 (Central European Summer Time),109.31666666666668,0.05
Tue May 21 2024 22:42:00 GMT+0200 (Central European Summer Time),93.68333333333334,0
Tue May 21 2024 22:43:00 GMT+0200 (Central European Summer Time),89.83333333333333,0.13333333333333333
Tue May 21 2024 22:44:00 GMT+0200 (Central European Summer Time),90.9,0.13333333333333333
Tue May 21 2024 22:45:00 GMT+0200 (Central European Summer Time),93.15,0
Tue May 21 2024 22:46:00 GMT+0200 (Central European Summer Time),87.43333333333332,0.03333333333333333
Tue May 21 2024 22:47:00 GMT+0200 (Central European Summer Time),91.48333333333332,0.05
Tue May 21 2024 22:48:00 GMT+0200 (Central European Summer Time),97.25,0.016666666666666666
Tue May 21 2024 22:49:00 GMT+0200 (Central European Summer Time),91.46666666666667,0.03333333333333333
Tue May 21 2024 22:50:00 GMT+0200 (Central European Summer Time),96.18333333333334,9.8
Tue May 21 2024 22:51:00 GMT+0200 (Central European Summer Time),98.46666666666667,10.4
Tue May 21 2024 22:52:00 GMT+0200 (Central European Summer Time),94.88333333333334,0
Tue May 21 2024 22:53:00 GMT+0200 (Central European Summer Time),96.35000000000001,0
Tue May 21 2024 22:54:00 GMT+0200 (Central European Summer Time),94.58333333333333,0
Tue May 21 2024 22:55:00 GMT+0200 (Central European Summer Time),94.91666666666667,0
Tue May 21 2024 22:56:00 GMT+0200 (Central European Summer Time),95.3,0
Tue May 21 2024 22:57:00 GMT+0200 (Central European Summer Time),97.41666666666666,0
Tue May 21 2024 22:58:00 GMT+0200 (Central European Summer Time),99.05,0.016666666666666666
Tue May 21 2024 22:59:00 GMT+0200 (Central European Summer Time),97.5,0
Tue May 21 2024 23:00:00 GMT+0200 (Central European Summer Time),93.63333333333333,0.03333333333333333
Tue May 21 2024 23:01:00 GMT+0200 (Central European Summer Time),95.71666666666667,0.03333333333333333
Tue May 21 2024 23:02:00 GMT+0200 (Central European Summer Time),98.6,0.016666666666666666
Tue May 21 2024 23:03:00 GMT+0200 (Central European Summer Time),95.28333333333333,0.016666666666666666
Tue May 21 2024 23:04:00 GMT+0200 (Central European Summer Time),98.71666666666667,0.16666666666666666
Tue May 21 2024 23:05:00 GMT+0200 (Central European Summer Time),97.35,0.18333333333333332
Tue May 21 2024 23:06:00 GMT+0200 (Central European Summer Time),95.68333333333334,0
Tue May 21 2024 23:07:00 GMT+0200 (Central European Summer Time),97.06666666666666,0
Tue May 21 2024 23:08:00 GMT+0200 (Central European Summer Time),96.58333333333333,0.016666666666666666
Tue May 21 2024 23:09:00 GMT+0200 (Central European Summer Time),109.01666666666665,0
Tue May 21 2024 23:10:00 GMT+0200 (Central European Summer Time),123.63333333333333,0
Tue May 21 2024 23:11:00 GMT+0200 (Central European Summer Time),123.89999999999999,0
Tue May 21 2024 23:12:00 GMT+0200 (Central European Summer Time),124.31666666666666,0
Tue May 21 2024 23:13:00 GMT+0200 (Central European Summer Time),115.45,0
Tue May 21 2024 23:14:00 GMT+0200 (Central European Summer Time),103.08333333333334,0
Tue May 21 2024 23:15:00 GMT+0200 (Central European Summer Time),99.10000000000001,0
Tue May 21 2024 23:16:00 GMT+0200 (Central European Summer Time),109.46666666666667,0
Tue May 21 2024 23:17:00 GMT+0200 (Central European Summer Time),124.95,0
Tue May 21 2024 23:18:00 GMT+0200 (Central European Summer Time),124.45,0
Tue May 21 2024 23:19:00 GMT+0200 (Central European Summer Time),121.91666666666666,0
Tue May 21 2024 23:20:00 GMT+0200 (Central European Summer Time),124.41666666666666,0
Tue May 21 2024 23:21:00 GMT+0200 (Central European Summer Time),125.38333333333333,0
Tue May 21 2024 23:22:00 GMT+0200 (Central European Summer Time),123.76666666666667,0.016666666666666666
Tue May 21 2024 23:23:00 GMT+0200 (Central European Summer Time),123.28333333333333,0.016666666666666666
Tue May 21 2024 23:24:00 GMT+0200 (Central European Summer Time),120,0
Tue May 21 2024 23:25:00 GMT+0200 (Central European Summer Time),121.28333333333333,0
Tue May 21 2024 23:26:00 GMT+0200 (Central European Summer Time),125.33333333333334,0
Tue May 21 2024 23:27:00 GMT+0200 (Central European Summer Time),126.5,0.016666666666666666
Tue May 21 2024 23:28:00 GMT+0200 (Central European Summer Time),125.86666666666666,0
Tue May 21 2024 23:29:00 GMT+0200 (Central European Summer Time),123.1,0
Tue May 21 2024 23:30:00 GMT+0200 (Central European Summer Time),124.21666666666665,0
Tue May 21 2024 23:31:00 GMT+0200 (Central European Summer Time),126.03333333333333,0
Tue May 21 2024 23:32:00 GMT+0200 (Central European Summer Time),125.94999999999999,0
Tue May 21 2024 23:33:00 GMT+0200 (Central European Summer Time),123.58333333333333,0
Tue May 21 2024 23:34:00 GMT+0200 (Central European Summer Time),123.25,0
Tue May 21 2024 23:35:00 GMT+0200 (Central European Summer Time),121.63333333333333,0
Tue May 21 2024 23:36:00 GMT+0200 (Central European Summer Time),121.93333333333334,0
Tue May 21 2024 23:37:00 GMT+0200 (Central European Summer Time),124.73333333333333,0
Tue May 21 2024 23:38:00 GMT+0200 (Central European Summer Time),122.91666666666667,0
Tue May 21 2024 23:39:00 GMT+0200 (Central European Summer Time),123.13333333333333,0
Tue May 21 2024 23:40:00 GMT+0200 (Central European Summer Time),124.58333333333333,0
Tue May 21 2024 23:41:00 GMT+0200 (Central European Summer Time),124.61666666666666,0
Tue May 21 2024 23:42:00 GMT+0200 (Central European Summer Time),123.38333333333333,0
Tue May 21 2024 23:43:00 GMT+0200 (Central European Summer Time),123.6,0
Tue May 21 2024 23:44:00 GMT+0200 (Central European Summer Time),125.41666666666667,0
Tue May 21 2024 23:45:00 GMT+0200 (Central European Summer Time),125.58333333333333,0
Tue May 21 2024 23:46:00 GMT+0200 (Central European Summer Time),123.96666666666667,0
Tue May 21 2024 23:47:00 GMT+0200 (Central European Summer Time),119.65,0
Tue May 21 2024 23:48:00 GMT+0200 (Central European Summer Time),120.3,0
Tue May 21 2024 23:49:00 GMT+0200 (Central European Summer Time),123.8,0
Tue May 21 2024 23:50:00 GMT+0200 (Central European Summer Time),123.26666666666667,0.016666666666666666
Tue May 21 2024 23:51:00 GMT+0200 (Central European Summer Time),124.66666666666667,0
Tue May 21 2024 23:52:00 GMT+0200 (Central European Summer Time),123.06666666666666,0
Tue May 21 2024 23:53:00 GMT+0200 (Central European Summer Time),120.99999999999999,0
Tue May 21 2024 23:54:00 GMT+0200 (Central European Summer Time),123.38333333333333,0
Tue May 21 2024 23:55:00 GMT+0200 (Central European Summer Time),125.61666666666666,0
Tue May 21 2024 23:56:00 GMT+0200 (Central European Summer Time),123.64999999999999,0
Tue May 21 2024 23:57:00 GMT+0200 (Central European Summer Time),122.41666666666667,0
Tue May 21 2024 23:58:00 GMT+0200 (Central European Summer Time),124.35000000000001,0
Tue May 21 2024 23:59:00 GMT+0200 (Central European Summer Time),102.35000000000001,0
Wed May 22 2024 00:00:00 GMT+0200 (Central European Summer Time),42.93333333333333,0
Wed May 22 2024 00:01:00 GMT+0200 (Central European Summer Time),5.433333333333334,0
Wed May 22 2024 00:02:00 GMT+0200 (Central European Summer Time),5.016666666666667,0
Wed May 22 2024 00:03:00 GMT+0200 (Central European Summer Time),5.783333333333333,0
Wed May 22 2024 00:04:00 GMT+0200 (Central European Summer Time),5.449999999999999,0
Wed May 22 2024 00:05:00 GMT+0200 (Central European Summer Time),5.783333333333333,0
Wed May 22 2024 00:06:00 GMT+0200 (Central European Summer Time),6.616666666666666,0
Wed May 22 2024 00:07:00 GMT+0200 (Central European Summer Time),6.55,0.016666666666666666
Wed May 22 2024 00:08:00 GMT+0200 (Central European Summer Time),5.366666666666666,0
Wed May 22 2024 00:09:00 GMT+0200 (Central European Summer Time),4.9833333333333325,0
Wed May 22 2024 00:10:00 GMT+0200 (Central European Summer Time),5.783333333333333,0
Wed May 22 2024 00:11:00 GMT+0200 (Central European Summer Time),5.833333333333333,0
Wed May 22 2024 00:12:00 GMT+0200 (Central European Summer Time),5.6,0
Wed May 22 2024 00:13:00 GMT+0200 (Central European Summer Time),5.416666666666667,0
Wed May 22 2024 00:14:00 GMT+0200 (Central European Summer Time),5.316666666666666,0
Wed May 22 2024 00:15:00 GMT+0200 (Central European Summer Time),5.199999999999999,0
Wed May 22 2024 00:16:00 GMT+0200 (Central European Summer Time),4.233333333333333,0.016666666666666666
Wed May 22 2024 00:17:00 GMT+0200 (Central European Summer Time),4.5,0
Wed May 22 2024 00:18:00 GMT+0200 (Central European Summer Time),5.05,0
Wed May 22 2024 00:19:00 GMT+0200 (Central European Summer Time),4.65,0
Wed May 22 2024 00:20:00 GMT+0200 (Central European Summer Time),4.283333333333333,0
Wed May 22 2024 00:21:00 GMT+0200 (Central European Summer Time),4.466666666666667,0
Wed May 22 2024 00:22:00 GMT+0200 (Central European Summer Time),6.533333333333333,0
Wed May 22 2024 00:23:00 GMT+0200 (Central European Summer Time),6.333333333333333,0
Wed May 22 2024 00:24:00 GMT+0200 (Central European Summer Time),3.466666666666667,0
Wed May 22 2024 00:25:00 GMT+0200 (Central European Summer Time),4.733333333333333,0
Wed May 22 2024 00:26:00 GMT+0200 (Central European Summer Time),4.783333333333333,0
Wed May 22 2024 00:27:00 GMT+0200 (Central European Summer Time),5,0
Wed May 22 2024 00:28:00 GMT+0200 (Central European Summer Time),7.066666666666666,0.06666666666666667
Wed May 22 2024 00:29:00 GMT+0200 (Central European Summer Time),6.35,0.08333333333333333
Wed May 22 2024 00:30:00 GMT+0200 (Central European Summer Time),6.85,0
Wed May 22 2024 00:31:00 GMT+0200 (Central European Summer Time),14.833333333333334,0.13333333333333333
Wed May 22 2024 00:32:00 GMT+0200 (Central European Summer Time),64.73333333333333,0.13333333333333333
Wed May 22 2024 00:33:00 GMT+0200 (Central European Summer Time),115.21666666666667,0.05
Wed May 22 2024 00:34:00 GMT+0200 (Central European Summer Time),78.9,0.13333333333333333
Wed May 22 2024 00:35:00 GMT+0200 (Central European Summer Time),72.65,0.06666666666666667
Wed May 22 2024 00:36:00 GMT+0200 (Central European Summer Time),117.63333333333333,0
Wed May 22 2024 00:37:00 GMT+0200 (Central European Summer Time),119.83333333333333,0
Wed May 22 2024 00:38:00 GMT+0200 (Central European Summer Time),72.03333333333333,0
Wed May 22 2024 00:39:00 GMT+0200 (Central European Summer Time),14.4,0
Wed May 22 2024 00:40:00 GMT+0200 (Central European Summer Time),4.916666666666667,0
Wed May 22 2024 00:41:00 GMT+0200 (Central European Summer Time),5.55,0
Wed May 22 2024 00:42:00 GMT+0200 (Central European Summer Time),5.9,0.1
Wed May 22 2024 00:43:00 GMT+0200 (Central European Summer Time),6.133333333333333,0.11666666666666667
Wed May 22 2024 00:44:00 GMT+0200 (Central European Summer Time),4.266666666666667,0
Wed May 22 2024 00:45:00 GMT+0200 (Central European Summer Time),undefined,0