TimeSeries ID,instance/network/sent_bytes_count.gce_instance.ALIGN_RATE.REDUCE_SUM.metric.type="compute.googleapis.com/instance/network/sent_bytes_count" resource.type="gce_instance" resource.labels."instance_id"="1345602841643241709" resource.labels."zone"="europe-central2-c" AND resource.labels."project_id"="ddls-owen-gombas".60s.project_id:ddls-owen-gombas.instance_name:instance-20240520-173618
instance_name,instance-20240520-173618
project_id,ddls-owen-gombas
Tue May 21 2024 12:46:00 GMT+0200 (Central European Summer Time),263.06666666666666
Tue May 21 2024 12:47:00 GMT+0200 (Central European Summer Time),269.9166666666667
Tue May 21 2024 12:48:00 GMT+0200 (Central European Summer Time),294.21666666666664
Tue May 21 2024 12:49:00 GMT+0200 (Central European Summer Time),272.6333333333333
Tue May 21 2024 12:50:00 GMT+0200 (Central European Summer Time),301.03333333333336
Tue May 21 2024 12:51:00 GMT+0200 (Central European Summer Time),383.6
Tue May 21 2024 12:52:00 GMT+0200 (Central European Summer Time),6108.2
Tue May 21 2024 12:53:00 GMT+0200 (Central European Summer Time),29971.483333333334
Tue May 21 2024 12:54:00 GMT+0200 (Central European Summer Time),23845.116666666665
Tue May 21 2024 12:55:00 GMT+0200 (Central European Summer Time),766.8
Tue May 21 2024 12:56:00 GMT+0200 (Central European Summer Time),982.9833333333333
Tue May 21 2024 12:57:00 GMT+0200 (Central European Summer Time),1585.8333333333333
Tue May 21 2024 12:58:00 GMT+0200 (Central European Summer Time),1327.6666666666667
Tue May 21 2024 12:59:00 GMT+0200 (Central European Summer Time),782.2833333333333
Tue May 21 2024 13:00:00 GMT+0200 (Central European Summer Time),1467.65
Tue May 21 2024 13:01:00 GMT+0200 (Central European Summer Time),1091.8833333333334
Tue May 21 2024 13:02:00 GMT+0200 (Central European Summer Time),1462.7
Tue May 21 2024 13:03:00 GMT+0200 (Central European Summer Time),1030796.5166666667
Tue May 21 2024 13:04:00 GMT+0200 (Central European Summer Time),5350172.633333334
Tue May 21 2024 13:05:00 GMT+0200 (Central European Summer Time),5475766.883333334
Tue May 21 2024 13:06:00 GMT+0200 (Central European Summer Time),5080793.566666666
Tue May 21 2024 13:07:00 GMT+0200 (Central European Summer Time),4558919.583333333
Tue May 21 2024 13:08:00 GMT+0200 (Central European Summer Time),4131847.533333333
Tue May 21 2024 13:09:00 GMT+0200 (Central European Summer Time),3919077.3
Tue May 21 2024 13:10:00 GMT+0200 (Central European Summer Time),3653649.3833333333
Tue May 21 2024 13:11:00 GMT+0200 (Central European Summer Time),3561493.8
Tue May 21 2024 13:12:00 GMT+0200 (Central European Summer Time),3296627.3
Tue May 21 2024 13:13:00 GMT+0200 (Central European Summer Time),3148528.7
Tue May 21 2024 13:14:00 GMT+0200 (Central European Summer Time),2914988.6333333333
Tue May 21 2024 13:15:00 GMT+0200 (Central European Summer Time),2722686.033333333
Tue May 21 2024 13:16:00 GMT+0200 (Central European Summer Time),2656280.966666667
Tue May 21 2024 13:17:00 GMT+0200 (Central European Summer Time),2467157.283333333
Tue May 21 2024 13:18:00 GMT+0200 (Central European Summer Time),2523704.0166666666
Tue May 21 2024 13:19:00 GMT+0200 (Central European Summer Time),2439522.6666666665
Tue May 21 2024 13:20:00 GMT+0200 (Central European Summer Time),2273734.9833333334
Tue May 21 2024 13:21:00 GMT+0200 (Central European Summer Time),2170225.8333333335
Tue May 21 2024 13:22:00 GMT+0200 (Central European Summer Time),2226834.6
Tue May 21 2024 13:23:00 GMT+0200 (Central European Summer Time),2159171.15
Tue May 21 2024 13:24:00 GMT+0200 (Central European Summer Time),2094731.2333333334
Tue May 21 2024 13:25:00 GMT+0200 (Central European Summer Time),2095467.6166666667
Tue May 21 2024 13:26:00 GMT+0200 (Central European Summer Time),2043350.4
Tue May 21 2024 13:27:00 GMT+0200 (Central European Summer Time),2079231.2
Tue May 21 2024 13:28:00 GMT+0200 (Central European Summer Time),1929495.7333333334
Tue May 21 2024 13:29:00 GMT+0200 (Central European Summer Time),1846823.25
Tue May 21 2024 13:30:00 GMT+0200 (Central European Summer Time),1730224.8
Tue May 21 2024 13:31:00 GMT+0200 (Central European Summer Time),1736680.6833333333
Tue May 21 2024 13:32:00 GMT+0200 (Central European Summer Time),1515346.6
Tue May 21 2024 13:33:00 GMT+0200 (Central European Summer Time),1423241.5666666667
Tue May 21 2024 13:34:00 GMT+0200 (Central European Summer Time),1488462.3833333333
Tue May 21 2024 13:35:00 GMT+0200 (Central European Summer Time),1469703.1333333333
Tue May 21 2024 13:36:00 GMT+0200 (Central European Summer Time),1812381.1333333333
Tue May 21 2024 13:37:00 GMT+0200 (Central European Summer Time),1707427.7166666666
Tue May 21 2024 13:38:00 GMT+0200 (Central European Summer Time),1710684.4666666666
Tue May 21 2024 13:39:00 GMT+0200 (Central European Summer Time),1618697.2
Tue May 21 2024 13:40:00 GMT+0200 (Central European Summer Time),1647874.8333333333
Tue May 21 2024 13:41:00 GMT+0200 (Central European Summer Time),1563993.9166666667
Tue May 21 2024 13:42:00 GMT+0200 (Central European Summer Time),1611133.0166666666
Tue May 21 2024 13:43:00 GMT+0200 (Central European Summer Time),1482568.2333333334
Tue May 21 2024 13:44:00 GMT+0200 (Central European Summer Time),1581648.0333333334
Tue May 21 2024 13:45:00 GMT+0200 (Central European Summer Time),1508329.55
Tue May 21 2024 13:46:00 GMT+0200 (Central European Summer Time),1578682.35
Tue May 21 2024 13:47:00 GMT+0200 (Central European Summer Time),1612151.3333333333
Tue May 21 2024 13:48:00 GMT+0200 (Central European Summer Time),1444663.9
Tue May 21 2024 13:49:00 GMT+0200 (Central European Summer Time),1488157.85
Tue May 21 2024 13:50:00 GMT+0200 (Central European Summer Time),1449530.5666666667
Tue May 21 2024 13:51:00 GMT+0200 (Central European Summer Time),1432331.2333333334
Tue May 21 2024 13:52:00 GMT+0200 (Central European Summer Time),1428456.2333333334
Tue May 21 2024 13:53:00 GMT+0200 (Central European Summer Time),1402849.05
Tue May 21 2024 13:54:00 GMT+0200 (Central European Summer Time),1376675.9166666667
Tue May 21 2024 13:55:00 GMT+0200 (Central European Summer Time),1411341.3
Tue May 21 2024 13:56:00 GMT+0200 (Central European Summer Time),1386371.0333333334
Tue May 21 2024 13:57:00 GMT+0200 (Central European Summer Time),1303903.4666666666
Tue May 21 2024 13:58:00 GMT+0200 (Central European Summer Time),1384922
Tue May 21 2024 13:59:00 GMT+0200 (Central European Summer Time),1361359.2333333334
Tue May 21 2024 14:00:00 GMT+0200 (Central European Summer Time),1327898.2666666666
Tue May 21 2024 14:01:00 GMT+0200 (Central European Summer Time),1243855.45
Tue May 21 2024 14:02:00 GMT+0200 (Central European Summer Time),1316723.2
Tue May 21 2024 14:03:00 GMT+0200 (Central European Summer Time),1304656.0833333333
Tue May 21 2024 14:04:00 GMT+0200 (Central European Summer Time),1300569.25
Tue May 21 2024 14:05:00 GMT+0200 (Central European Summer Time),1266763.2666666666
Tue May 21 2024 14:06:00 GMT+0200 (Central European Summer Time),1210167.55
Tue May 21 2024 14:07:00 GMT+0200 (Central European Summer Time),1262047.7
Tue May 21 2024 14:08:00 GMT+0200 (Central European Summer Time),1257819.5833333333
Tue May 21 2024 14:09:00 GMT+0200 (Central European Summer Time),1240556.3833333333
Tue May 21 2024 14:10:00 GMT+0200 (Central European Summer Time),1239468.9
Tue May 21 2024 14:11:00 GMT+0200 (Central European Summer Time),1216281.7166666666
Tue May 21 2024 14:12:00 GMT+0200 (Central European Summer Time),1150810.1666666667
Tue May 21 2024 14:13:00 GMT+0200 (Central European Summer Time),1198069.7833333334
Tue May 21 2024 14:14:00 GMT+0200 (Central European Summer Time),1198494.1333333333
Tue May 21 2024 14:15:00 GMT+0200 (Central European Summer Time),1197925.0666666667
Tue May 21 2024 14:16:00 GMT+0200 (Central European Summer Time),1193565.3666666667
Tue May 21 2024 14:17:00 GMT+0200 (Central European Summer Time),1176492.9166666667
Tue May 21 2024 14:18:00 GMT+0200 (Central European Summer Time),1172276.1166666667
Tue May 21 2024 14:19:00 GMT+0200 (Central European Summer Time),1155081.8166666667
Tue May 21 2024 14:20:00 GMT+0200 (Central European Summer Time),1154940.15
Tue May 21 2024 14:21:00 GMT+0200 (Central European Summer Time),1150837.0166666666
Tue May 21 2024 14:22:00 GMT+0200 (Central European Summer Time),1125330.3833333333
Tue May 21 2024 14:23:00 GMT+0200 (Central European Summer Time),1090878.0333333334
Tue May 21 2024 14:24:00 GMT+0200 (Central European Summer Time),1099185.1333333333
Tue May 21 2024 14:25:00 GMT+0200 (Central European Summer Time),1125354.5166666666
Tue May 21 2024 14:26:00 GMT+0200 (Central European Summer Time),1095101.7
Tue May 21 2024 14:27:00 GMT+0200 (Central European Summer Time),1104207.6333333333
Tue May 21 2024 14:28:00 GMT+0200 (Central European Summer Time),1074232.1
Tue May 21 2024 14:29:00 GMT+0200 (Central European Summer Time),1089118.3666666667
Tue May 21 2024 14:30:00 GMT+0200 (Central European Summer Time),1081339.95
Tue May 21 2024 14:31:00 GMT+0200 (Central European Summer Time),1076545.4666666666
Tue May 21 2024 14:32:00 GMT+0200 (Central European Summer Time),1061142.9
Tue May 21 2024 14:33:00 GMT+0200 (Central European Summer Time),1030599.55
Tue May 21 2024 14:34:00 GMT+0200 (Central European Summer Time),1039739.8666666667
Tue May 21 2024 14:35:00 GMT+0200 (Central European Summer Time),1014885.0666666667
Tue May 21 2024 14:36:00 GMT+0200 (Central European Summer Time),1026493.2333333333
Tue May 21 2024 14:37:00 GMT+0200 (Central European Summer Time),929032.5333333333
Tue May 21 2024 14:38:00 GMT+0200 (Central European Summer Time),1007718.85
Tue May 21 2024 14:39:00 GMT+0200 (Central European Summer Time),1041860.3833333333
Tue May 21 2024 14:40:00 GMT+0200 (Central European Summer Time),1199346.2
Tue May 21 2024 14:41:00 GMT+0200 (Central European Summer Time),1212603.0833333333
Tue May 21 2024 14:42:00 GMT+0200 (Central European Summer Time),1005952.5
Tue May 21 2024 14:43:00 GMT+0200 (Central European Summer Time),1001270.5333333333
Tue May 21 2024 14:44:00 GMT+0200 (Central European Summer Time),983799.75
Tue May 21 2024 14:45:00 GMT+0200 (Central European Summer Time),984098.15
Tue May 21 2024 14:46:00 GMT+0200 (Central European Summer Time),997792.2166666667
Tue May 21 2024 14:47:00 GMT+0200 (Central European Summer Time),1035991.7166666667
Tue May 21 2024 14:48:00 GMT+0200 (Central European Summer Time),984132.6333333333
Tue May 21 2024 14:49:00 GMT+0200 (Central European Summer Time),984853.4333333333
Tue May 21 2024 14:50:00 GMT+0200 (Central European Summer Time),981971.4166666666
Tue May 21 2024 14:51:00 GMT+0200 (Central European Summer Time),979556.3833333333
Tue May 21 2024 14:52:00 GMT+0200 (Central European Summer Time),963130.35
Tue May 21 2024 14:53:00 GMT+0200 (Central European Summer Time),962308.8333333334
Tue May 21 2024 14:54:00 GMT+0200 (Central European Summer Time),962224.8
Tue May 21 2024 14:55:00 GMT+0200 (Central European Summer Time),962525.8166666667
Tue May 21 2024 14:56:00 GMT+0200 (Central European Summer Time),963826.45
Tue May 21 2024 14:57:00 GMT+0200 (Central European Summer Time),967012.5166666667
Tue May 21 2024 14:58:00 GMT+0200 (Central European Summer Time),979473.5833333334
Tue May 21 2024 14:59:00 GMT+0200 (Central European Summer Time),958129.3333333334
Tue May 21 2024 15:00:00 GMT+0200 (Central European Summer Time),940983.9333333333
Tue May 21 2024 15:01:00 GMT+0200 (Central European Summer Time),937026.1166666667
Tue May 21 2024 15:02:00 GMT+0200 (Central European Summer Time),924660.95
Tue May 21 2024 15:03:00 GMT+0200 (Central European Summer Time),939217.6166666667
Tue May 21 2024 15:04:00 GMT+0200 (Central European Summer Time),929275.1166666667
Tue May 21 2024 15:05:00 GMT+0200 (Central European Summer Time),911074.8666666667
Tue May 21 2024 15:06:00 GMT+0200 (Central European Summer Time),942748.3166666667
Tue May 21 2024 15:07:00 GMT+0200 (Central European Summer Time),937226.3666666667
Tue May 21 2024 15:08:00 GMT+0200 (Central European Summer Time),900353.6833333333
Tue May 21 2024 15:09:00 GMT+0200 (Central European Summer Time),899253.1
Tue May 21 2024 15:10:00 GMT+0200 (Central European Summer Time),898941.2333333333
Tue May 21 2024 15:11:00 GMT+0200 (Central European Summer Time),898945.15
Tue May 21 2024 15:12:00 GMT+0200 (Central European Summer Time),899479.0833333334
Tue May 21 2024 15:13:00 GMT+0200 (Central European Summer Time),894877.95
Tue May 21 2024 15:14:00 GMT+0200 (Central European Summer Time),873371.3
Tue May 21 2024 15:15:00 GMT+0200 (Central European Summer Time),860310.7333333333
Tue May 21 2024 15:16:00 GMT+0200 (Central European Summer Time),873435.0833333334
Tue May 21 2024 15:17:00 GMT+0200 (Central European Summer Time),864725.6
Tue May 21 2024 15:18:00 GMT+0200 (Central European Summer Time),891565.2
Tue May 21 2024 15:19:00 GMT+0200 (Central European Summer Time),857306.8
Tue May 21 2024 15:20:00 GMT+0200 (Central European Summer Time),853497.4166666666
Tue May 21 2024 15:21:00 GMT+0200 (Central European Summer Time),840206.2666666667
Tue May 21 2024 15:22:00 GMT+0200 (Central European Summer Time),860641.1666666666
Tue May 21 2024 15:23:00 GMT+0200 (Central European Summer Time),877598.8666666667
Tue May 21 2024 15:24:00 GMT+0200 (Central European Summer Time),869863.1166666667
Tue May 21 2024 15:25:00 GMT+0200 (Central European Summer Time),843816.6333333333
Tue May 21 2024 15:26:00 GMT+0200 (Central European Summer Time),871793.4
Tue May 21 2024 15:27:00 GMT+0200 (Central European Summer Time),847207.85
Tue May 21 2024 15:28:00 GMT+0200 (Central European Summer Time),886471.2666666667
Tue May 21 2024 15:29:00 GMT+0200 (Central European Summer Time),830939.95
Tue May 21 2024 15:30:00 GMT+0200 (Central European Summer Time),795388.95
Tue May 21 2024 15:31:00 GMT+0200 (Central European Summer Time),741827.0666666667
Tue May 21 2024 15:32:00 GMT+0200 (Central European Summer Time),848256.4833333333
Tue May 21 2024 15:33:00 GMT+0200 (Central European Summer Time),803075.4
Tue May 21 2024 15:34:00 GMT+0200 (Central European Summer Time),806635.1
Tue May 21 2024 15:35:00 GMT+0200 (Central European Summer Time),814197.3833333333
Tue May 21 2024 15:36:00 GMT+0200 (Central European Summer Time),780489.4666666667
Tue May 21 2024 15:37:00 GMT+0200 (Central European Summer Time),518743.2
Tue May 21 2024 15:38:00 GMT+0200 (Central European Summer Time),1043.2333333333333
Tue May 21 2024 15:39:00 GMT+0200 (Central European Summer Time),68233.41666666667
Tue May 21 2024 15:40:00 GMT+0200 (Central European Summer Time),450836.4
Tue May 21 2024 15:41:00 GMT+0200 (Central European Summer Time),1952852.6166666667
Tue May 21 2024 15:42:00 GMT+0200 (Central European Summer Time),6685498.516666667
Tue May 21 2024 15:43:00 GMT+0200 (Central European Summer Time),7486753.816666666
Tue May 21 2024 15:44:00 GMT+0200 (Central European Summer Time),6351926.466666667
Tue May 21 2024 15:45:00 GMT+0200 (Central European Summer Time),6306854.933333334
Tue May 21 2024 15:46:00 GMT+0200 (Central European Summer Time),2302198.3
Tue May 21 2024 15:48:00 GMT+0200 (Central European Summer Time),324.2
Tue May 21 2024 15:49:00 GMT+0200 (Central European Summer Time),530.8
Tue May 21 2024 15:50:00 GMT+0200 (Central European Summer Time),323.48333333333335
Tue May 21 2024 15:51:00 GMT+0200 (Central European Summer Time),45009.933333333334
Tue May 21 2024 15:52:00 GMT+0200 (Central European Summer Time),78612.3
Tue May 21 2024 15:53:00 GMT+0200 (Central European Summer Time),33310.46666666667
Tue May 21 2024 15:54:00 GMT+0200 (Central European Summer Time),3098388.35
Tue May 21 2024 15:55:00 GMT+0200 (Central European Summer Time),6952616.133333334
Tue May 21 2024 15:56:00 GMT+0200 (Central European Summer Time),6771864.65
Tue May 21 2024 15:57:00 GMT+0200 (Central European Summer Time),5818427.05
Tue May 21 2024 15:58:00 GMT+0200 (Central European Summer Time),4595674.483333333
Tue May 21 2024 15:59:00 GMT+0200 (Central European Summer Time),3849714.933333333
Tue May 21 2024 16:00:00 GMT+0200 (Central European Summer Time),3066589.033333333
Tue May 21 2024 16:01:00 GMT+0200 (Central European Summer Time),1139230.2666666666
Tue May 21 2024 16:02:00 GMT+0200 (Central European Summer Time),1442979.6833333333
Tue May 21 2024 16:03:00 GMT+0200 (Central European Summer Time),3003587.85
Tue May 21 2024 16:04:00 GMT+0200 (Central European Summer Time),3312192.8
Tue May 21 2024 16:05:00 GMT+0200 (Central European Summer Time),2782717.4166666665
Tue May 21 2024 16:06:00 GMT+0200 (Central European Summer Time),2335712.15
Tue May 21 2024 16:07:00 GMT+0200 (Central European Summer Time),1701987.1166666667
Tue May 21 2024 16:08:00 GMT+0200 (Central European Summer Time),1218095.8666666667
Tue May 21 2024 16:09:00 GMT+0200 (Central European Summer Time),1839559.5
Tue May 21 2024 16:10:00 GMT+0200 (Central European Summer Time),2670768.566666667
Tue May 21 2024 16:11:00 GMT+0200 (Central European Summer Time),2738488.1166666667
Tue May 21 2024 16:12:00 GMT+0200 (Central European Summer Time),2491721.5
Tue May 21 2024 16:13:00 GMT+0200 (Central European Summer Time),1805900.3
Tue May 21 2024 16:14:00 GMT+0200 (Central European Summer Time),1219900.4166666667
Tue May 21 2024 16:15:00 GMT+0200 (Central European Summer Time),1220215.4666666666
Tue May 21 2024 16:16:00 GMT+0200 (Central European Summer Time),1220221.1166666667
Tue May 21 2024 16:17:00 GMT+0200 (Central European Summer Time),1220510.8833333333
Tue May 21 2024 16:18:00 GMT+0200 (Central European Summer Time),1210496.0166666666
Tue May 21 2024 16:19:00 GMT+0200 (Central European Summer Time),1209748.5333333334
Tue May 21 2024 16:20:00 GMT+0200 (Central European Summer Time),1220791.8833333333
Tue May 21 2024 16:21:00 GMT+0200 (Central European Summer Time),1220914.9
Tue May 21 2024 16:22:00 GMT+0200 (Central European Summer Time),1221417.9166666667
Tue May 21 2024 16:23:00 GMT+0200 (Central European Summer Time),1221447.35
Tue May 21 2024 16:24:00 GMT+0200 (Central European Summer Time),1221102.95
Tue May 21 2024 16:25:00 GMT+0200 (Central European Summer Time),1500833.2333333334
Tue May 21 2024 16:26:00 GMT+0200 (Central European Summer Time),1496343.8166666667
Tue May 21 2024 16:27:00 GMT+0200 (Central European Summer Time),829970.5666666667
Tue May 21 2024 16:28:00 GMT+0200 (Central European Summer Time),460378.11666666664
Tue May 21 2024 16:29:00 GMT+0200 (Central European Summer Time),464421.25
Tue May 21 2024 16:30:00 GMT+0200 (Central European Summer Time),468561.81666666665
Tue May 21 2024 16:31:00 GMT+0200 (Central European Summer Time),460166.25
Tue May 21 2024 16:32:00 GMT+0200 (Central European Summer Time),461848.11666666664
Tue May 21 2024 16:33:00 GMT+0200 (Central European Summer Time),464449.9
Tue May 21 2024 16:34:00 GMT+0200 (Central European Summer Time),460293.7166666667
Tue May 21 2024 16:35:00 GMT+0200 (Central European Summer Time),1183220.5833333333
Tue May 21 2024 16:36:00 GMT+0200 (Central European Summer Time),1552997.85
Tue May 21 2024 16:37:00 GMT+0200 (Central European Summer Time),812311.3166666667
Tue May 21 2024 16:38:00 GMT+0200 (Central European Summer Time),460380.3
Tue May 21 2024 16:39:00 GMT+0200 (Central European Summer Time),459753.93333333335
Tue May 21 2024 16:40:00 GMT+0200 (Central European Summer Time),462791.0333333333
Tue May 21 2024 16:41:00 GMT+0200 (Central European Summer Time),460226.9666666667
Tue May 21 2024 16:42:00 GMT+0200 (Central European Summer Time),468560.86666666664
Tue May 21 2024 16:43:00 GMT+0200 (Central European Summer Time),466612.1666666667
Tue May 21 2024 16:44:00 GMT+0200 (Central European Summer Time),460205.3333333333
Tue May 21 2024 16:45:00 GMT+0200 (Central European Summer Time),462207.9
Tue May 21 2024 16:46:00 GMT+0200 (Central European Summer Time),464863.31666666665
Tue May 21 2024 16:47:00 GMT+0200 (Central European Summer Time),462637.36666666664
Tue May 21 2024 16:48:00 GMT+0200 (Central European Summer Time),464319.45
Tue May 21 2024 16:49:00 GMT+0200 (Central European Summer Time),460356.56666666665
Tue May 21 2024 16:50:00 GMT+0200 (Central European Summer Time),462133.8
Tue May 21 2024 16:51:00 GMT+0200 (Central European Summer Time),466801.11666666664
Tue May 21 2024 16:52:00 GMT+0200 (Central European Summer Time),460632.0833333333
Tue May 21 2024 16:53:00 GMT+0200 (Central European Summer Time),464690.13333333336
Tue May 21 2024 16:54:00 GMT+0200 (Central European Summer Time),616543.1
Tue May 21 2024 16:55:00 GMT+0200 (Central European Summer Time),1197085.2333333334
Tue May 21 2024 16:56:00 GMT+0200 (Central European Summer Time),1254049.3
Tue May 21 2024 16:57:00 GMT+0200 (Central European Summer Time),658276.4833333333
Tue May 21 2024 16:58:00 GMT+0200 (Central European Summer Time),465232.95
Tue May 21 2024 16:59:00 GMT+0200 (Central European Summer Time),460728.0833333333
Tue May 21 2024 17:00:00 GMT+0200 (Central European Summer Time),466676.6666666667
Tue May 21 2024 17:01:00 GMT+0200 (Central European Summer Time),464889.38333333336
Tue May 21 2024 17:02:00 GMT+0200 (Central European Summer Time),460379.75
Tue May 21 2024 17:03:00 GMT+0200 (Central European Summer Time),466673.73333333334
Tue May 21 2024 17:04:00 GMT+0200 (Central European Summer Time),463167.18333333335
Tue May 21 2024 17:05:00 GMT+0200 (Central European Summer Time),825858.25
Tue May 21 2024 17:06:00 GMT+0200 (Central European Summer Time),1387170.6833333333
Tue May 21 2024 17:07:00 GMT+0200 (Central European Summer Time),1315154.4833333334
Tue May 21 2024 17:08:00 GMT+0200 (Central European Summer Time),760955.95
Tue May 21 2024 17:09:00 GMT+0200 (Central European Summer Time),460412.9166666667
Tue May 21 2024 17:10:00 GMT+0200 (Central European Summer Time),469448.88333333336
Tue May 21 2024 17:11:00 GMT+0200 (Central European Summer Time),528351.9666666667
Tue May 21 2024 17:12:00 GMT+0200 (Central European Summer Time),531432.3833333333
Tue May 21 2024 17:13:00 GMT+0200 (Central European Summer Time),460927.11666666664
Tue May 21 2024 17:14:00 GMT+0200 (Central European Summer Time),912792.6
Tue May 21 2024 17:15:00 GMT+0200 (Central European Summer Time),1488840.6
Tue May 21 2024 17:16:00 GMT+0200 (Central European Summer Time),1307737.55
Tue May 21 2024 17:17:00 GMT+0200 (Central European Summer Time),747656.2833333333
Tue May 21 2024 17:18:00 GMT+0200 (Central European Summer Time),464861.0333333333
Tue May 21 2024 17:19:00 GMT+0200 (Central European Summer Time),463158.3
Tue May 21 2024 17:20:00 GMT+0200 (Central European Summer Time),460572.51666666666
Tue May 21 2024 17:21:00 GMT+0200 (Central European Summer Time),501887.93333333335
Tue May 21 2024 17:22:00 GMT+0200 (Central European Summer Time),974496.4666666667
Tue May 21 2024 17:23:00 GMT+0200 (Central European Summer Time),1234790.35
Tue May 21 2024 17:24:00 GMT+0200 (Central European Summer Time),747819.0166666667
Tue May 21 2024 17:25:00 GMT+0200 (Central European Summer Time),464912.51666666666
Tue May 21 2024 17:26:00 GMT+0200 (Central European Summer Time),465341.93333333335
Tue May 21 2024 17:27:00 GMT+0200 (Central European Summer Time),669536.4333333333
Tue May 21 2024 17:28:00 GMT+0200 (Central European Summer Time),1167514.4666666666
Tue May 21 2024 17:29:00 GMT+0200 (Central European Summer Time),1243974.4
Tue May 21 2024 17:30:00 GMT+0200 (Central European Summer Time),747835.1166666667
Tue May 21 2024 17:31:00 GMT+0200 (Central European Summer Time),465123.11666666664
Tue May 21 2024 17:32:00 GMT+0200 (Central European Summer Time),556126.9833333333
Tue May 21 2024 17:33:00 GMT+0200 (Central European Summer Time),1032736.7666666667
Tue May 21 2024 17:34:00 GMT+0200 (Central European Summer Time),1428218.2333333334
Tue May 21 2024 17:35:00 GMT+0200 (Central European Summer Time),1407071.6
Tue May 21 2024 17:36:00 GMT+0200 (Central European Summer Time),1354470.1666666667
Tue May 21 2024 17:37:00 GMT+0200 (Central European Summer Time),1320991.2833333334
Tue May 21 2024 17:38:00 GMT+0200 (Central European Summer Time),1269685.3333333333
Tue May 21 2024 17:39:00 GMT+0200 (Central European Summer Time),1213053.1333333333
Tue May 21 2024 17:40:00 GMT+0200 (Central European Summer Time),1223239.5666666667
Tue May 21 2024 17:41:00 GMT+0200 (Central European Summer Time),1024839.1
Tue May 21 2024 17:42:00 GMT+0200 (Central European Summer Time),644199.2
Tue May 21 2024 17:43:00 GMT+0200 (Central European Summer Time),461431.3333333333
Tue May 21 2024 17:44:00 GMT+0200 (Central European Summer Time),465439.7833333333
Tue May 21 2024 17:45:00 GMT+0200 (Central European Summer Time),467509.38333333336
Tue May 21 2024 17:46:00 GMT+0200 (Central European Summer Time),461006.35
Tue May 21 2024 17:47:00 GMT+0200 (Central European Summer Time),538905.3666666667
Tue May 21 2024 17:48:00 GMT+0200 (Central European Summer Time),946119.7666666667
Tue May 21 2024 17:49:00 GMT+0200 (Central European Summer Time),1122887.35
Tue May 21 2024 17:50:00 GMT+0200 (Central European Summer Time),714677.0333333333
Tue May 21 2024 17:51:00 GMT+0200 (Central European Summer Time),467468.8
Tue May 21 2024 17:52:00 GMT+0200 (Central European Summer Time),461247.7833333333
Tue May 21 2024 17:53:00 GMT+0200 (Central European Summer Time),672012.9833333333
Tue May 21 2024 17:54:00 GMT+0200 (Central European Summer Time),1068496.5833333333
Tue May 21 2024 17:55:00 GMT+0200 (Central European Summer Time),1202615.0833333333
Tue May 21 2024 17:56:00 GMT+0200 (Central European Summer Time),1098425.8333333333
Tue May 21 2024 17:57:00 GMT+0200 (Central European Summer Time),1113117.15
Tue May 21 2024 17:58:00 GMT+0200 (Central European Summer Time),1199134.55
Tue May 21 2024 17:59:00 GMT+0200 (Central European Summer Time),1161397.5666666667
Tue May 21 2024 18:00:00 GMT+0200 (Central European Summer Time),1158233.0333333334
Tue May 21 2024 18:01:00 GMT+0200 (Central European Summer Time),1131229.4833333334
Tue May 21 2024 18:02:00 GMT+0200 (Central European Summer Time),1151072.8
Tue May 21 2024 18:03:00 GMT+0200 (Central European Summer Time),1242373.0166666666
Tue May 21 2024 18:04:00 GMT+0200 (Central European Summer Time),1278704.5
Tue May 21 2024 18:05:00 GMT+0200 (Central European Summer Time),1390366.6833333333
Tue May 21 2024 18:06:00 GMT+0200 (Central European Summer Time),1312931.8
Tue May 21 2024 18:07:00 GMT+0200 (Central European Summer Time),1033550.1166666667
Tue May 21 2024 18:08:00 GMT+0200 (Central European Summer Time),688279.45
Tue May 21 2024 18:09:00 GMT+0200 (Central European Summer Time),461941.73333333334
Tue May 21 2024 18:10:00 GMT+0200 (Central European Summer Time),466020.01666666666
Tue May 21 2024 18:11:00 GMT+0200 (Central European Summer Time),467522.48333333334
Tue May 21 2024 18:12:00 GMT+0200 (Central European Summer Time),648615.35
Tue May 21 2024 18:13:00 GMT+0200 (Central European Summer Time),955749.6
Tue May 21 2024 18:14:00 GMT+0200 (Central European Summer Time),995439.5333333333
Tue May 21 2024 18:15:00 GMT+0200 (Central European Summer Time),693270.6666666666
Tue May 21 2024 18:16:00 GMT+0200 (Central European Summer Time),465443.1666666667
Tue May 21 2024 18:17:00 GMT+0200 (Central European Summer Time),629710.1
Tue May 21 2024 18:18:00 GMT+0200 (Central European Summer Time),951621.5833333334
Tue May 21 2024 18:19:00 GMT+0200 (Central European Summer Time),1105017.4666666666
Tue May 21 2024 18:20:00 GMT+0200 (Central European Summer Time),1006526.2833333333
Tue May 21 2024 18:21:00 GMT+0200 (Central European Summer Time),693321.4666666667
Tue May 21 2024 18:22:00 GMT+0200 (Central European Summer Time),559317.0833333334
Tue May 21 2024 18:23:00 GMT+0200 (Central European Summer Time),873231.5166666667
Tue May 21 2024 18:24:00 GMT+0200 (Central European Summer Time),1084771.7833333334
Tue May 21 2024 18:25:00 GMT+0200 (Central European Summer Time),1084184.8666666667
Tue May 21 2024 18:26:00 GMT+0200 (Central European Summer Time),1084225.9666666666
Tue May 21 2024 18:27:00 GMT+0200 (Central European Summer Time),979324.5333333333
Tue May 21 2024 18:28:00 GMT+0200 (Central European Summer Time),677367.7666666667
Tue May 21 2024 18:29:00 GMT+0200 (Central European Summer Time),461081.13333333336
Tue May 21 2024 18:30:00 GMT+0200 (Central European Summer Time),465110.9166666667
Tue May 21 2024 18:31:00 GMT+0200 (Central European Summer Time),463431.75
Tue May 21 2024 18:32:00 GMT+0200 (Central European Summer Time),461229.1666666667
Tue May 21 2024 18:33:00 GMT+0200 (Central European Summer Time),469848.75
Tue May 21 2024 18:34:00 GMT+0200 (Central European Summer Time),608250.5666666667
Tue May 21 2024 18:35:00 GMT+0200 (Central European Summer Time),897919.4166666666
Tue May 21 2024 18:36:00 GMT+0200 (Central European Summer Time),967836.9166666666
Tue May 21 2024 18:37:00 GMT+0200 (Central European Summer Time),681472.5333333333
Tue May 21 2024 18:38:00 GMT+0200 (Central European Summer Time),576436.2166666667
Tue May 21 2024 18:39:00 GMT+0200 (Central European Summer Time),823678.6
Tue May 21 2024 18:40:00 GMT+0200 (Central European Summer Time),998115.4
Tue May 21 2024 18:41:00 GMT+0200 (Central European Summer Time),948511.05
Tue May 21 2024 18:42:00 GMT+0200 (Central European Summer Time),670608.2
Tue May 21 2024 18:43:00 GMT+0200 (Central European Summer Time),467379.88333333336
Tue May 21 2024 18:44:00 GMT+0200 (Central European Summer Time),597091.1666666666
Tue May 21 2024 18:45:00 GMT+0200 (Central European Summer Time),857242.2166666667
Tue May 21 2024 18:46:00 GMT+0200 (Central European Summer Time),934707.6333333333
Tue May 21 2024 18:47:00 GMT+0200 (Central European Summer Time),673128.6833333333
Tue May 21 2024 18:48:00 GMT+0200 (Central European Summer Time),586912.1833333333
Tue May 21 2024 18:49:00 GMT+0200 (Central European Summer Time),853713.55
Tue May 21 2024 18:50:00 GMT+0200 (Central European Summer Time),930987.1
Tue May 21 2024 18:51:00 GMT+0200 (Central European Summer Time),670939.0166666667
Tue May 21 2024 18:52:00 GMT+0200 (Central European Summer Time),465163.3333333333
Tue May 21 2024 18:53:00 GMT+0200 (Central European Summer Time),465411.01666666666
Tue May 21 2024 18:54:00 GMT+0200 (Central European Summer Time),460894.45
Tue May 21 2024 18:55:00 GMT+0200 (Central European Summer Time),465620.18333333335
Tue May 21 2024 18:56:00 GMT+0200 (Central European Summer Time),461645.85
Tue May 21 2024 18:57:00 GMT+0200 (Central European Summer Time),557116.3333333334
Tue May 21 2024 18:58:00 GMT+0200 (Central European Summer Time),801766.7166666667
Tue May 21 2024 18:59:00 GMT+0200 (Central European Summer Time),955550.6333333333
Tue May 21 2024 19:00:00 GMT+0200 (Central European Summer Time),905047.1833333333
Tue May 21 2024 19:01:00 GMT+0200 (Central European Summer Time),660020.4
Tue May 21 2024 19:02:00 GMT+0200 (Central European Summer Time),465768.56666666665
Tue May 21 2024 19:03:00 GMT+0200 (Central European Summer Time),463117.85
Tue May 21 2024 19:04:00 GMT+0200 (Central European Summer Time),465203.15
Tue May 21 2024 19:05:00 GMT+0200 (Central European Summer Time),465396.05
Tue May 21 2024 19:06:00 GMT+0200 (Central European Summer Time),461116.0833333333
Tue May 21 2024 19:07:00 GMT+0200 (Central European Summer Time),465489.25
Tue May 21 2024 19:08:00 GMT+0200 (Central European Summer Time),465901.45
Tue May 21 2024 19:09:00 GMT+0200 (Central European Summer Time),460979.4666666667
Tue May 21 2024 19:10:00 GMT+0200 (Central European Summer Time),465242.86666666664
Tue May 21 2024 19:11:00 GMT+0200 (Central European Summer Time),461201.63333333336
Tue May 21 2024 19:12:00 GMT+0200 (Central European Summer Time),462902.2833333333
Tue May 21 2024 19:13:00 GMT+0200 (Central European Summer Time),469972.6666666667
Tue May 21 2024 19:14:00 GMT+0200 (Central European Summer Time),461547.51666666666
Tue May 21 2024 19:15:00 GMT+0200 (Central European Summer Time),462917.5
Tue May 21 2024 19:16:00 GMT+0200 (Central European Summer Time),469660.01666666666
Tue May 21 2024 19:17:00 GMT+0200 (Central European Summer Time),461192.4166666667
Tue May 21 2024 19:18:00 GMT+0200 (Central European Summer Time),462887.48333333334
Tue May 21 2024 19:19:00 GMT+0200 (Central European Summer Time),467965.9166666667
Tue May 21 2024 19:20:00 GMT+0200 (Central European Summer Time),461496.0833333333
Tue May 21 2024 19:21:00 GMT+0200 (Central European Summer Time),465165.23333333334
Tue May 21 2024 19:22:00 GMT+0200 (Central European Summer Time),463512.76666666666
Tue May 21 2024 19:23:00 GMT+0200 (Central European Summer Time),460843.5
Tue May 21 2024 19:24:00 GMT+0200 (Central European Summer Time),469483.7166666667
Tue May 21 2024 19:25:00 GMT+0200 (Central European Summer Time),461695.85
Tue May 21 2024 19:26:00 GMT+0200 (Central European Summer Time),461147.6666666667
Tue May 21 2024 19:27:00 GMT+0200 (Central European Summer Time),467662.81666666665
Tue May 21 2024 19:28:00 GMT+0200 (Central European Summer Time),461149.5333333333
Tue May 21 2024 19:29:00 GMT+0200 (Central European Summer Time),465124.93333333335
Tue May 21 2024 19:30:00 GMT+0200 (Central European Summer Time),463439.18333333335
Tue May 21 2024 19:31:00 GMT+0200 (Central European Summer Time),545545.05
Tue May 21 2024 19:32:00 GMT+0200 (Central European Summer Time),758026.8666666667
Tue May 21 2024 19:33:00 GMT+0200 (Central European Summer Time),881166.8833333333
Tue May 21 2024 19:34:00 GMT+0200 (Central European Summer Time),849972.05
Tue May 21 2024 19:35:00 GMT+0200 (Central European Summer Time),848783.25
Tue May 21 2024 19:36:00 GMT+0200 (Central European Summer Time),948815.0833333334
Tue May 21 2024 19:37:00 GMT+0200 (Central European Summer Time),951477.4833333333
Tue May 21 2024 19:38:00 GMT+0200 (Central European Summer Time),852528.0333333333
Tue May 21 2024 19:39:00 GMT+0200 (Central European Summer Time),648728.65
Tue May 21 2024 19:40:00 GMT+0200 (Central European Summer Time),465246.11666666664
Tue May 21 2024 19:41:00 GMT+0200 (Central European Summer Time),461211.7166666667
Tue May 21 2024 19:42:00 GMT+0200 (Central European Summer Time),536559.3
Tue May 21 2024 19:43:00 GMT+0200 (Central European Summer Time),716692.1
Tue May 21 2024 19:44:00 GMT+0200 (Central European Summer Time),825544.3833333333
Tue May 21 2024 19:45:00 GMT+0200 (Central European Summer Time),659354.8
Tue May 21 2024 19:46:00 GMT+0200 (Central European Summer Time),482249.0333333333
Tue May 21 2024 19:47:00 GMT+0200 (Central European Summer Time),660486.3833333333
Tue May 21 2024 19:48:00 GMT+0200 (Central European Summer Time),837258.2666666667
Tue May 21 2024 19:49:00 GMT+0200 (Central European Summer Time),659515.1
Tue May 21 2024 19:50:00 GMT+0200 (Central European Summer Time),467464.6666666667
Tue May 21 2024 19:51:00 GMT+0200 (Central European Summer Time),461140.15
Tue May 21 2024 19:52:00 GMT+0200 (Central European Summer Time),465181.48333333334
Tue May 21 2024 19:53:00 GMT+0200 (Central European Summer Time),545205.6333333333
Tue May 21 2024 19:54:00 GMT+0200 (Central European Summer Time),706122.5666666667
Tue May 21 2024 19:55:00 GMT+0200 (Central European Summer Time),812484.8666666667
Tue May 21 2024 19:56:00 GMT+0200 (Central European Summer Time),651003.7333333333
Tue May 21 2024 19:57:00 GMT+0200 (Central European Summer Time),463104.95
Tue May 21 2024 19:58:00 GMT+0200 (Central European Summer Time),463310.45
Tue May 21 2024 19:59:00 GMT+0200 (Central European Summer Time),535406.95
Tue May 21 2024 20:00:00 GMT+0200 (Central European Summer Time),723549.45
Tue May 21 2024 20:01:00 GMT+0200 (Central European Summer Time),826628.55
Tue May 21 2024 20:02:00 GMT+0200 (Central European Summer Time),815242.4833333333
Tue May 21 2024 20:03:00 GMT+0200 (Central European Summer Time),648394.85
Tue May 21 2024 20:04:00 GMT+0200 (Central European Summer Time),463447.3333333333
Tue May 21 2024 20:05:00 GMT+0200 (Central European Summer Time),461197.85
Tue May 21 2024 20:06:00 GMT+0200 (Central European Summer Time),467840.86666666664
Tue May 21 2024 20:07:00 GMT+0200 (Central European Summer Time),461255.76666666666
Tue May 21 2024 20:08:00 GMT+0200 (Central European Summer Time),462927.9166666667
Tue May 21 2024 20:09:00 GMT+0200 (Central European Summer Time),465530.76666666666
Tue May 21 2024 20:10:00 GMT+0200 (Central European Summer Time),461014.7
Tue May 21 2024 20:11:00 GMT+0200 (Central European Summer Time),465641.1
Tue May 21 2024 20:12:00 GMT+0200 (Central European Summer Time),461646.5333333333
Tue May 21 2024 20:13:00 GMT+0200 (Central European Summer Time),463006.31666666665
Tue May 21 2024 20:14:00 GMT+0200 (Central European Summer Time),465564.81666666665
Tue May 21 2024 20:15:00 GMT+0200 (Central European Summer Time),460931.5333333333
Tue May 21 2024 20:16:00 GMT+0200 (Central European Summer Time),467748.8
Tue May 21 2024 20:17:00 GMT+0200 (Central European Summer Time),608882.0166666667
Tue May 21 2024 20:18:00 GMT+0200 (Central European Summer Time),773242.4333333333
Tue May 21 2024 20:19:00 GMT+0200 (Central European Summer Time),794000.4166666666
Tue May 21 2024 20:20:00 GMT+0200 (Central European Summer Time),710600.4333333333
Tue May 21 2024 20:21:00 GMT+0200 (Central European Summer Time),705963.55
Tue May 21 2024 20:22:00 GMT+0200 (Central European Summer Time),784566.7333333333
Tue May 21 2024 20:23:00 GMT+0200 (Central European Summer Time),751744.6166666667
Tue May 21 2024 20:24:00 GMT+0200 (Central European Summer Time),599694.6666666666
Tue May 21 2024 20:25:00 GMT+0200 (Central European Summer Time),523840.65
Tue May 21 2024 20:26:00 GMT+0200 (Central European Summer Time),657005.5333333333
Tue May 21 2024 20:27:00 GMT+0200 (Central European Summer Time),750954.5
Tue May 21 2024 20:28:00 GMT+0200 (Central European Summer Time),647658.45
Tue May 21 2024 20:29:00 GMT+0200 (Central European Summer Time),483453.35
Tue May 21 2024 20:30:00 GMT+0200 (Central European Summer Time),460811.7166666667
Tue May 21 2024 20:31:00 GMT+0200 (Central European Summer Time),465587.5333333333
Tue May 21 2024 20:32:00 GMT+0200 (Central European Summer Time),461406.11666666664
Tue May 21 2024 20:33:00 GMT+0200 (Central European Summer Time),465719.36666666664
Tue May 21 2024 20:34:00 GMT+0200 (Central European Summer Time),461300.5333333333
Tue May 21 2024 20:35:00 GMT+0200 (Central European Summer Time),505905.35
Tue May 21 2024 20:36:00 GMT+0200 (Central European Summer Time),652960.6833333333
Tue May 21 2024 20:37:00 GMT+0200 (Central European Summer Time),760741.55
Tue May 21 2024 20:38:00 GMT+0200 (Central European Summer Time),649613.9333333333
Tue May 21 2024 20:39:00 GMT+0200 (Central European Summer Time),495080.65
Tue May 21 2024 20:40:00 GMT+0200 (Central European Summer Time),465445.31666666665
Tue May 21 2024 20:41:00 GMT+0200 (Central European Summer Time),461160.26666666666
Tue May 21 2024 20:42:00 GMT+0200 (Central European Summer Time),465199.13333333336
Tue May 21 2024 20:43:00 GMT+0200 (Central European Summer Time),465587.6
Tue May 21 2024 20:44:00 GMT+0200 (Central European Summer Time),565978.3
Tue May 21 2024 20:45:00 GMT+0200 (Central European Summer Time),714384.9666666667
Tue May 21 2024 20:46:00 GMT+0200 (Central European Summer Time),751032.6166666667
Tue May 21 2024 20:47:00 GMT+0200 (Central European Summer Time),646546.7166666667
Tue May 21 2024 20:48:00 GMT+0200 (Central European Summer Time),496553.4666666667
Tue May 21 2024 20:49:00 GMT+0200 (Central European Summer Time),461277.73333333334
Tue May 21 2024 20:50:00 GMT+0200 (Central European Summer Time),465813.26666666666
Tue May 21 2024 20:51:00 GMT+0200 (Central European Summer Time),461238.9666666667
Tue May 21 2024 20:52:00 GMT+0200 (Central European Summer Time),465264.0333333333
Tue May 21 2024 20:53:00 GMT+0200 (Central European Summer Time),467605.5
Tue May 21 2024 20:54:00 GMT+0200 (Central European Summer Time),461144.45
Tue May 21 2024 20:55:00 GMT+0200 (Central European Summer Time),463475.6666666667
Tue May 21 2024 20:56:00 GMT+0200 (Central European Summer Time),461718.2833333333
Tue May 21 2024 20:57:00 GMT+0200 (Central European Summer Time),462978.9666666667
Tue May 21 2024 20:58:00 GMT+0200 (Central European Summer Time),465513.1666666667
Tue May 21 2024 20:59:00 GMT+0200 (Central European Summer Time),461027.3333333333
Tue May 21 2024 21:00:00 GMT+0200 (Central European Summer Time),465298.45
Tue May 21 2024 21:01:00 GMT+0200 (Central European Summer Time),461646.8
Tue May 21 2024 21:02:00 GMT+0200 (Central European Summer Time),495108.5833333333
Tue May 21 2024 21:03:00 GMT+0200 (Central European Summer Time),609971.9666666667
Tue May 21 2024 21:04:00 GMT+0200 (Central European Summer Time),697583.3666666667
Tue May 21 2024 21:05:00 GMT+0200 (Central European Summer Time),718970.5833333334
Tue May 21 2024 21:06:00 GMT+0200 (Central European Summer Time),729655.05
Tue May 21 2024 21:07:00 GMT+0200 (Central European Summer Time),635877.2333333333
Tue May 21 2024 21:08:00 GMT+0200 (Central European Summer Time),501048.48333333334
Tue May 21 2024 21:09:00 GMT+0200 (Central European Summer Time),461137.48333333334
Tue May 21 2024 21:10:00 GMT+0200 (Central European Summer Time),465173.61666666664
Tue May 21 2024 21:11:00 GMT+0200 (Central European Summer Time),503379.98333333334
Tue May 21 2024 21:12:00 GMT+0200 (Central European Summer Time),620535.8833333333
Tue May 21 2024 21:13:00 GMT+0200 (Central European Summer Time),718970.65
Tue May 21 2024 21:14:00 GMT+0200 (Central European Summer Time),677451.65
Tue May 21 2024 21:15:00 GMT+0200 (Central European Summer Time),664227.0833333334
Tue May 21 2024 21:16:00 GMT+0200 (Central European Summer Time),708212.2166666667
Tue May 21 2024 21:17:00 GMT+0200 (Central European Summer Time),618295.4333333333
Tue May 21 2024 21:18:00 GMT+0200 (Central European Summer Time),494423.88333333336
Tue May 21 2024 21:19:00 GMT+0200 (Central European Summer Time),467742.0833333333
Tue May 21 2024 21:20:00 GMT+0200 (Central European Summer Time),463526.98333333334
Tue May 21 2024 21:21:00 GMT+0200 (Central European Summer Time),460971.15
Tue May 21 2024 21:22:00 GMT+0200 (Central European Summer Time),542946.0833333334
Tue May 21 2024 21:23:00 GMT+0200 (Central European Summer Time),664844.1166666667
Tue May 21 2024 21:24:00 GMT+0200 (Central European Summer Time),698548.3
Tue May 21 2024 21:25:00 GMT+0200 (Central European Summer Time),676402.0333333333
Tue May 21 2024 21:26:00 GMT+0200 (Central European Summer Time),612876.65
Tue May 21 2024 21:27:00 GMT+0200 (Central European Summer Time),579734.05
Tue May 21 2024 21:28:00 GMT+0200 (Central European Summer Time),644349.4666666667
Tue May 21 2024 21:29:00 GMT+0200 (Central European Summer Time),687634.8833333333
Tue May 21 2024 21:30:00 GMT+0200 (Central European Summer Time),624344.6166666667
Tue May 21 2024 21:31:00 GMT+0200 (Central European Summer Time),513805.1666666667
Tue May 21 2024 21:32:00 GMT+0200 (Central European Summer Time),461302.75
Tue May 21 2024 21:33:00 GMT+0200 (Central European Summer Time),463022.11666666664
Tue May 21 2024 21:34:00 GMT+0200 (Central European Summer Time),468039.8
Tue May 21 2024 21:35:00 GMT+0200 (Central European Summer Time),461586.56666666665
Tue May 21 2024 21:36:00 GMT+0200 (Central European Summer Time),454848.0333333333
Tue May 21 2024 21:37:00 GMT+0200 (Central European Summer Time),462874.51666666666
Tue May 21 2024 21:38:00 GMT+0200 (Central European Summer Time),471908.1666666667
Tue May 21 2024 21:39:00 GMT+0200 (Central European Summer Time),463341.4166666667
Tue May 21 2024 21:40:00 GMT+0200 (Central European Summer Time),461431.63333333336
Tue May 21 2024 21:41:00 GMT+0200 (Central European Summer Time),467838.48333333334
Tue May 21 2024 21:42:00 GMT+0200 (Central European Summer Time),461425.68333333335
Tue May 21 2024 21:43:00 GMT+0200 (Central European Summer Time),460774.3
Tue May 21 2024 21:44:00 GMT+0200 (Central European Summer Time),469723.73333333334
Tue May 21 2024 21:45:00 GMT+0200 (Central European Summer Time),461315.13333333336
Tue May 21 2024 21:46:00 GMT+0200 (Central European Summer Time),463402.4166666667
Tue May 21 2024 21:47:00 GMT+0200 (Central European Summer Time),463908.45
Tue May 21 2024 21:48:00 GMT+0200 (Central European Summer Time),460888.7833333333
Tue May 21 2024 21:49:00 GMT+0200 (Central European Summer Time),461231.4666666667
Tue May 21 2024 21:50:00 GMT+0200 (Central European Summer Time),460883.13333333336
Tue May 21 2024 21:51:00 GMT+0200 (Central European Summer Time),469964.8
Tue May 21 2024 21:52:00 GMT+0200 (Central European Summer Time),464601.7166666667
Tue May 21 2024 21:53:00 GMT+0200 (Central European Summer Time),461794.3333333333
Tue May 21 2024 21:54:00 GMT+0200 (Central European Summer Time),465587.3
Tue May 21 2024 21:55:00 GMT+0200 (Central European Summer Time),461176.25
Tue May 21 2024 21:56:00 GMT+0200 (Central European Summer Time),465242.11666666664
Tue May 21 2024 21:57:00 GMT+0200 (Central European Summer Time),465641.18333333335
Tue May 21 2024 21:58:00 GMT+0200 (Central European Summer Time),461426.4666666667
Tue May 21 2024 21:59:00 GMT+0200 (Central European Summer Time),467752.4166666667
Tue May 21 2024 22:00:00 GMT+0200 (Central European Summer Time),461381.11666666664
Tue May 21 2024 22:01:00 GMT+0200 (Central European Summer Time),460790.4666666667
Tue May 21 2024 22:02:00 GMT+0200 (Central European Summer Time),465572.65
Tue May 21 2024 22:03:00 GMT+0200 (Central European Summer Time),461034.7
Tue May 21 2024 22:04:00 GMT+0200 (Central European Summer Time),457367.06666666665
Tue May 21 2024 22:05:00 GMT+0200 (Central European Summer Time),461196.6
Tue May 21 2024 22:06:00 GMT+0200 (Central European Summer Time),471862.18333333335
Tue May 21 2024 22:07:00 GMT+0200 (Central European Summer Time),467669.0833333333
Tue May 21 2024 22:08:00 GMT+0200 (Central European Summer Time),461195.6666666667
Tue May 21 2024 22:09:00 GMT+0200 (Central European Summer Time),465152.85
Tue May 21 2024 22:10:00 GMT+0200 (Central European Summer Time),461709.9166666667
Tue May 21 2024 22:11:00 GMT+0200 (Central European Summer Time),461169.6666666667
Tue May 21 2024 22:12:00 GMT+0200 (Central European Summer Time),469703.4166666667
Tue May 21 2024 22:13:00 GMT+0200 (Central European Summer Time),461275.81666666665
Tue May 21 2024 22:14:00 GMT+0200 (Central European Summer Time),462990.7
Tue May 21 2024 22:15:00 GMT+0200 (Central European Summer Time),463523.51666666666
Tue May 21 2024 22:16:00 GMT+0200 (Central European Summer Time),461317.2
Tue May 21 2024 22:17:00 GMT+0200 (Central European Summer Time),465874.13333333336
Tue May 21 2024 22:18:00 GMT+0200 (Central European Summer Time),450747.73333333334
Tue May 21 2024 22:19:00 GMT+0200 (Central European Summer Time),464551.2166666667
Tue May 21 2024 22:20:00 GMT+0200 (Central European Summer Time),476608.76666666666
Tue May 21 2024 22:21:00 GMT+0200 (Central European Summer Time),461044.7166666667
Tue May 21 2024 22:22:00 GMT+0200 (Central European Summer Time),465753.93333333335
Tue May 21 2024 22:23:00 GMT+0200 (Central European Summer Time),461716.9
Tue May 21 2024 22:24:00 GMT+0200 (Central European Summer Time),463001.5
Tue May 21 2024 22:25:00 GMT+0200 (Central European Summer Time),465560.68333333335
Tue May 21 2024 22:26:00 GMT+0200 (Central European Summer Time),461102.01666666666
Tue May 21 2024 22:27:00 GMT+0200 (Central European Summer Time),467450.4666666667
Tue May 21 2024 22:28:00 GMT+0200 (Central European Summer Time),461801.25
Tue May 21 2024 22:29:00 GMT+0200 (Central European Summer Time),461216.2166666667
Tue May 21 2024 22:30:00 GMT+0200 (Central European Summer Time),467622.2166666667
Tue May 21 2024 22:31:00 GMT+0200 (Central European Summer Time),461131
Tue May 21 2024 22:32:00 GMT+0200 (Central European Summer Time),444463.6666666667
Tue May 21 2024 22:33:00 GMT+0200 (Central European Summer Time),460937.3
Tue May 21 2024 22:34:00 GMT+0200 (Central European Summer Time),258494.73333333334
Tue May 21 2024 22:35:00 GMT+0200 (Central European Summer Time),118434.3
Tue May 21 2024 22:36:00 GMT+0200 (Central European Summer Time),392099.9666666667
Tue May 21 2024 22:37:00 GMT+0200 (Central European Summer Time),589033.8333333334
Tue May 21 2024 22:38:00 GMT+0200 (Central European Summer Time),622048.45
Tue May 21 2024 22:39:00 GMT+0200 (Central European Summer Time),621845.6166666667
Tue May 21 2024 22:40:00 GMT+0200 (Central European Summer Time),592424.3166666667
Tue May 21 2024 22:41:00 GMT+0200 (Central European Summer Time),516035.1666666667
Tue May 21 2024 22:42:00 GMT+0200 (Central European Summer Time),465530.45
Tue May 21 2024 22:43:00 GMT+0200 (Central European Summer Time),460894.8333333333
Tue May 21 2024 22:44:00 GMT+0200 (Central European Summer Time),464930.3333333333
Tue May 21 2024 22:45:00 GMT+0200 (Central European Summer Time),465295.4
Tue May 21 2024 22:46:00 GMT+0200 (Central European Summer Time),460734.26666666666
Tue May 21 2024 22:47:00 GMT+0200 (Central European Summer Time),467485.06666666665
Tue May 21 2024 22:48:00 GMT+0200 (Central European Summer Time),463591.68333333335
Tue May 21 2024 22:49:00 GMT+0200 (Central European Summer Time),460591.3
Tue May 21 2024 22:50:00 GMT+0200 (Central European Summer Time),463312.31666666665
Tue May 21 2024 22:51:00 GMT+0200 (Central European Summer Time),460937.5333333333
Tue May 21 2024 22:52:00 GMT+0200 (Central European Summer Time),467048.51666666666
Tue May 21 2024 22:53:00 GMT+0200 (Central European Summer Time),461519.8
Tue May 21 2024 22:54:00 GMT+0200 (Central European Summer Time),460899.0833333333
Tue May 21 2024 22:55:00 GMT+0200 (Central European Summer Time),469437.31666666665
Tue May 21 2024 22:56:00 GMT+0200 (Central European Summer Time),461030.4666666667
Tue May 21 2024 22:57:00 GMT+0200 (Central European Summer Time),463125.13333333336
Tue May 21 2024 22:58:00 GMT+0200 (Central European Summer Time),465940.76666666666
Tue May 21 2024 22:59:00 GMT+0200 (Central European Summer Time),461397.7
Tue May 21 2024 23:00:00 GMT+0200 (Central European Summer Time),524113.1666666667
Tue May 21 2024 23:01:00 GMT+0200 (Central European Summer Time),531497.4
Tue May 21 2024 23:02:00 GMT+0200 (Central European Summer Time),465223.61666666664
Tue May 21 2024 23:03:00 GMT+0200 (Central European Summer Time),460766.8
Tue May 21 2024 23:04:00 GMT+0200 (Central European Summer Time),465074.4666666667
Tue May 21 2024 23:05:00 GMT+0200 (Central European Summer Time),461505.81666666665
Tue May 21 2024 23:06:00 GMT+0200 (Central European Summer Time),463216.0833333333
Tue May 21 2024 23:07:00 GMT+0200 (Central European Summer Time),463210.76666666666
Tue May 21 2024 23:08:00 GMT+0200 (Central European Summer Time),471088.4666666667
Tue May 21 2024 23:09:00 GMT+0200 (Central European Summer Time),544192.6833333333
Tue May 21 2024 23:10:00 GMT+0200 (Central European Summer Time),591805.9
Tue May 21 2024 23:11:00 GMT+0200 (Central European Summer Time),589904.0166666667
Tue May 21 2024 23:12:00 GMT+0200 (Central European Summer Time),589719.7166666667
Tue May 21 2024 23:13:00 GMT+0200 (Central European Summer Time),526526.9
Tue May 21 2024 23:14:00 GMT+0200 (Central European Summer Time),469460.1666666667
Tue May 21 2024 23:15:00 GMT+0200 (Central European Summer Time),482665.48333333334
Tue May 21 2024 23:16:00 GMT+0200 (Central European Summer Time),538242.0166666667
Tue May 21 2024 23:17:00 GMT+0200 (Central European Summer Time),590308.2166666667
Tue May 21 2024 23:18:00 GMT+0200 (Central European Summer Time),590970.85
Tue May 21 2024 23:19:00 GMT+0200 (Central European Summer Time),579937.55
Tue May 21 2024 23:20:00 GMT+0200 (Central European Summer Time),580292.6
Tue May 21 2024 23:21:00 GMT+0200 (Central European Summer Time),590705.2333333333
Tue May 21 2024 23:22:00 GMT+0200 (Central European Summer Time),590771.1666666666
Tue May 21 2024 23:23:00 GMT+0200 (Central European Summer Time),579673.5
Tue May 21 2024 23:24:00 GMT+0200 (Central European Summer Time),559025.8
Tue May 21 2024 23:25:00 GMT+0200 (Central European Summer Time),558171.5666666667
Tue May 21 2024 23:26:00 GMT+0200 (Central European Summer Time),580101.95
Tue May 21 2024 23:27:00 GMT+0200 (Central European Summer Time),579720.3833333333
Tue May 21 2024 23:28:00 GMT+0200 (Central European Summer Time),579895.0333333333
Tue May 21 2024 23:29:00 GMT+0200 (Central European Summer Time),579885.1666666666
Tue May 21 2024 23:30:00 GMT+0200 (Central European Summer Time),580310.5833333334
Tue May 21 2024 23:31:00 GMT+0200 (Central European Summer Time),580347.45
Tue May 21 2024 23:32:00 GMT+0200 (Central European Summer Time),579861.6333333333
Tue May 21 2024 23:33:00 GMT+0200 (Central European Summer Time),569493.2833333333
Tue May 21 2024 23:34:00 GMT+0200 (Central European Summer Time),568877.3333333334
Tue May 21 2024 23:35:00 GMT+0200 (Central European Summer Time),559462.4833333333
Tue May 21 2024 23:36:00 GMT+0200 (Central European Summer Time),547893.15
Tue May 21 2024 23:37:00 GMT+0200 (Central European Summer Time),568884.1833333333
Tue May 21 2024 23:38:00 GMT+0200 (Central European Summer Time),570277.9
Tue May 21 2024 23:39:00 GMT+0200 (Central European Summer Time),560177.7166666667
Tue May 21 2024 23:40:00 GMT+0200 (Central European Summer Time),570116.9666666667
Tue May 21 2024 23:41:00 GMT+0200 (Central European Summer Time),569864.7666666667
Tue May 21 2024 23:42:00 GMT+0200 (Central European Summer Time),558467.9833333333
Tue May 21 2024 23:43:00 GMT+0200 (Central European Summer Time),558428.4
Tue May 21 2024 23:44:00 GMT+0200 (Central European Summer Time),558463.3833333333
Tue May 21 2024 23:45:00 GMT+0200 (Central European Summer Time),569291.65
Tue May 21 2024 23:46:00 GMT+0200 (Central European Summer Time),569962.7666666667
Tue May 21 2024 23:47:00 GMT+0200 (Central European Summer Time),537702.1833333333
Tue May 21 2024 23:48:00 GMT+0200 (Central European Summer Time),536406.6666666666
Tue May 21 2024 23:49:00 GMT+0200 (Central European Summer Time),558487.8666666667
Tue May 21 2024 23:50:00 GMT+0200 (Central European Summer Time),548427.1666666666
Tue May 21 2024 23:51:00 GMT+0200 (Central European Summer Time),547887.7
Tue May 21 2024 23:52:00 GMT+0200 (Central European Summer Time),558454.7666666667
Tue May 21 2024 23:53:00 GMT+0200 (Central European Summer Time),548841.1166666667
Tue May 21 2024 23:54:00 GMT+0200 (Central European Summer Time),548373.2333333333
Tue May 21 2024 23:55:00 GMT+0200 (Central European Summer Time),548437.3
Tue May 21 2024 23:56:00 GMT+0200 (Central European Summer Time),547705.9666666667
Tue May 21 2024 23:57:00 GMT+0200 (Central European Summer Time),548022.7
Tue May 21 2024 23:58:00 GMT+0200 (Central European Summer Time),546821.65
Tue May 21 2024 23:59:00 GMT+0200 (Central European Summer Time),403236.63333333336
Wed May 22 2024 00:00:00 GMT+0200 (Central European Summer Time),123675.95
Wed May 22 2024 00:01:00 GMT+0200 (Central European Summer Time),336.1666666666667
Wed May 22 2024 00:02:00 GMT+0200 (Central European Summer Time),247.11666666666667
Wed May 22 2024 00:03:00 GMT+0200 (Central European Summer Time),231.51666666666668
Wed May 22 2024 00:04:00 GMT+0200 (Central European Summer Time),323.05
Wed May 22 2024 00:05:00 GMT+0200 (Central European Summer Time),352.9
Wed May 22 2024 00:06:00 GMT+0200 (Central European Summer Time),321.6333333333333
Wed May 22 2024 00:07:00 GMT+0200 (Central European Summer Time),322
Wed May 22 2024 00:08:00 GMT+0200 (Central European Summer Time),324.68333333333334
Wed May 22 2024 00:09:00 GMT+0200 (Central European Summer Time),279.68333333333334
Wed May 22 2024 00:10:00 GMT+0200 (Central European Summer Time),304.48333333333335
Wed May 22 2024 00:11:00 GMT+0200 (Central European Summer Time),325.01666666666665
Wed May 22 2024 00:12:00 GMT+0200 (Central European Summer Time),277.53333333333336
Wed May 22 2024 00:13:00 GMT+0200 (Central European Summer Time),255.16666666666666
Wed May 22 2024 00:14:00 GMT+0200 (Central European Summer Time),267.55
Wed May 22 2024 00:15:00 GMT+0200 (Central European Summer Time),278.65
Wed May 22 2024 00:16:00 GMT+0200 (Central European Summer Time),318.2
Wed May 22 2024 00:17:00 GMT+0200 (Central European Summer Time),327.6666666666667
Wed May 22 2024 00:18:00 GMT+0200 (Central European Summer Time),284.68333333333334
Wed May 22 2024 00:19:00 GMT+0200 (Central European Summer Time),313.8
Wed May 22 2024 00:20:00 GMT+0200 (Central European Summer Time),354.76666666666665
Wed May 22 2024 00:21:00 GMT+0200 (Central European Summer Time),333.96666666666664
Wed May 22 2024 00:22:00 GMT+0200 (Central European Summer Time),324.6333333333333
Wed May 22 2024 00:23:00 GMT+0200 (Central European Summer Time),332.96666666666664
Wed May 22 2024 00:24:00 GMT+0200 (Central European Summer Time),237.8
Wed May 22 2024 00:25:00 GMT+0200 (Central European Summer Time),248.55
Wed May 22 2024 00:26:00 GMT+0200 (Central European Summer Time),324.96666666666664
Wed May 22 2024 00:27:00 GMT+0200 (Central European Summer Time),281.31666666666666
Wed May 22 2024 00:28:00 GMT+0200 (Central European Summer Time),474.26666666666665
Wed May 22 2024 00:29:00 GMT+0200 (Central European Summer Time),591.3333333333334
Wed May 22 2024 00:30:00 GMT+0200 (Central European Summer Time),430.46666666666664
Wed May 22 2024 00:31:00 GMT+0200 (Central European Summer Time),95548.38333333333
Wed May 22 2024 00:32:00 GMT+0200 (Central European Summer Time),330424.9166666667
Wed May 22 2024 00:33:00 GMT+0200 (Central European Summer Time),504903.75
Wed May 22 2024 00:34:00 GMT+0200 (Central European Summer Time),363415.6
Wed May 22 2024 00:35:00 GMT+0200 (Central European Summer Time),309713
Wed May 22 2024 00:36:00 GMT+0200 (Central European Summer Time),492306.63333333336
Wed May 22 2024 00:37:00 GMT+0200 (Central European Summer Time),525793.15
Wed May 22 2024 00:38:00 GMT+0200 (Central European Summer Time),275483.73333333334
Wed May 22 2024 00:39:00 GMT+0200 (Central European Summer Time),11348.25
Wed May 22 2024 00:40:00 GMT+0200 (Central European Summer Time),2430.3333333333335
Wed May 22 2024 00:41:00 GMT+0200 (Central European Summer Time),4326.383333333333
Wed May 22 2024 00:42:00 GMT+0200 (Central European Summer Time),2600.133333333333
Wed May 22 2024 00:43:00 GMT+0200 (Central European Summer Time),1161.1666666666667
Wed May 22 2024 00:44:00 GMT+0200 (Central European Summer Time),790.55