TimeSeries ID,instance/cpu/utilization.gce_instance.ALIGN_MEAN.REDUCE_NONE.metric.type="compute.googleapis.com/instance/cpu/utilization" resource.type="gce_instance" resource.labels."instance_id"="1345602841643241709" resource.labels."zone"="europe-central2-c" AND resource.labels."project_id"="ddls-owen-gombas".60s.instance_id:1345602841643241709.project_id:ddls-owen-gombas.zone:europe-central2-c.instance_name:instance-20240520-173618
instance_name,instance-20240520-173618
project_id,ddls-owen-gombas
instance_id,1345602841643241709
zone,europe-central2-c
Tue May 21 2024 12:45:00 GMT+0200 (Central European Summer Time),0.18927324237457166
Tue May 21 2024 12:46:00 GMT+0200 (Central European Summer Time),0.029088977225753224
Tue May 21 2024 12:47:00 GMT+0200 (Central European Summer Time),0.017371702784573097
Tue May 21 2024 12:48:00 GMT+0200 (Central European Summer Time),0.01577945268003879
Tue May 21 2024 12:49:00 GMT+0200 (Central European Summer Time),0.01618876986142362
Tue May 21 2024 12:50:00 GMT+0200 (Central European Summer Time),0.020161438590198522
Tue May 21 2024 12:51:00 GMT+0200 (Central European Summer Time),0.02352049564385042
Tue May 21 2024 12:52:00 GMT+0200 (Central European Summer Time),0.02661124685265393
Tue May 21 2024 12:53:00 GMT+0200 (Central European Summer Time),0.10807400793642923
Tue May 21 2024 12:54:00 GMT+0200 (Central European Summer Time),0.08730156991729068
Tue May 21 2024 12:55:00 GMT+0200 (Central European Summer Time),0.018284848856117718
Tue May 21 2024 12:56:00 GMT+0200 (Central European Summer Time),0.01978945295238598
Tue May 21 2024 12:57:00 GMT+0200 (Central European Summer Time),0.03041418065985238
Tue May 21 2024 12:58:00 GMT+0200 (Central European Summer Time),0.1307544635077676
Tue May 21 2024 12:59:00 GMT+0200 (Central European Summer Time),0.1745847001866321
Tue May 21 2024 13:00:00 GMT+0200 (Central European Summer Time),0.08163940597608826
Tue May 21 2024 13:01:00 GMT+0200 (Central European Summer Time),0.07690561398178335
Tue May 21 2024 13:02:00 GMT+0200 (Central European Summer Time),0.17080854034970347
Tue May 21 2024 13:03:00 GMT+0200 (Central European Summer Time),0.35377976731917565
Tue May 21 2024 13:04:00 GMT+0200 (Central European Summer Time),0.5665602706004716
Tue May 21 2024 13:05:00 GMT+0200 (Central European Summer Time),0.65913898745561
Tue May 21 2024 13:06:00 GMT+0200 (Central European Summer Time),0.7213843035453493
Tue May 21 2024 13:07:00 GMT+0200 (Central European Summer Time),0.7447249217067153
Tue May 21 2024 13:08:00 GMT+0200 (Central European Summer Time),0.7242747160807056
Tue May 21 2024 13:09:00 GMT+0200 (Central European Summer Time),0.7529098574401037
Tue May 21 2024 13:10:00 GMT+0200 (Central European Summer Time),0.7941715195089775
Tue May 21 2024 13:11:00 GMT+0200 (Central European Summer Time),0.8055885868915501
Tue May 21 2024 13:12:00 GMT+0200 (Central European Summer Time),0.806816981224955
Tue May 21 2024 13:13:00 GMT+0200 (Central European Summer Time),0.8078462046456764
Tue May 21 2024 13:14:00 GMT+0200 (Central European Summer Time),0.8121257949858243
Tue May 21 2024 13:15:00 GMT+0200 (Central European Summer Time),0.8278208913399074
Tue May 21 2024 13:16:00 GMT+0200 (Central European Summer Time),0.8215008843734817
Tue May 21 2024 13:17:00 GMT+0200 (Central European Summer Time),0.8254730406218509
Tue May 21 2024 13:18:00 GMT+0200 (Central European Summer Time),0.8299217932850184
Tue May 21 2024 13:19:00 GMT+0200 (Central European Summer Time),0.8193043725539686
Tue May 21 2024 13:20:00 GMT+0200 (Central European Summer Time),0.8251301408817521
Tue May 21 2024 13:21:00 GMT+0200 (Central European Summer Time),0.8322541530330151
Tue May 21 2024 13:22:00 GMT+0200 (Central European Summer Time),0.8321530744216981
Tue May 21 2024 13:23:00 GMT+0200 (Central European Summer Time),0.8309923506113231
Tue May 21 2024 13:24:00 GMT+0200 (Central European Summer Time),0.8335226453974656
Tue May 21 2024 13:25:00 GMT+0200 (Central European Summer Time),0.8347538458213951
Tue May 21 2024 13:26:00 GMT+0200 (Central European Summer Time),0.8324273046617501
Tue May 21 2024 13:27:00 GMT+0200 (Central European Summer Time),0.8322554134748505
Tue May 21 2024 13:28:00 GMT+0200 (Central European Summer Time),0.8514267071826793
Tue May 21 2024 13:29:00 GMT+0200 (Central European Summer Time),0.8567430863452083
Tue May 21 2024 13:30:00 GMT+0200 (Central European Summer Time),0.874711822819927
Tue May 21 2024 13:31:00 GMT+0200 (Central European Summer Time),0.8846501084065153
Tue May 21 2024 13:32:00 GMT+0200 (Central European Summer Time),0.910521151087596
Tue May 21 2024 13:33:00 GMT+0200 (Central European Summer Time),0.8949403899657947
Tue May 21 2024 13:34:00 GMT+0200 (Central European Summer Time),0.9189242415676593
Tue May 21 2024 13:35:00 GMT+0200 (Central European Summer Time),0.8914779062291283
Tue May 21 2024 13:36:00 GMT+0200 (Central European Summer Time),0.8676065112009572
Tue May 21 2024 13:37:00 GMT+0200 (Central European Summer Time),0.856892291759766
Tue May 21 2024 13:38:00 GMT+0200 (Central European Summer Time),0.8555954979489797
Tue May 21 2024 13:39:00 GMT+0200 (Central European Summer Time),0.8503381353997611
Tue May 21 2024 13:40:00 GMT+0200 (Central European Summer Time),0.8537592128926538
Tue May 21 2024 13:41:00 GMT+0200 (Central European Summer Time),0.8487190101719269
Tue May 21 2024 13:42:00 GMT+0200 (Central European Summer Time),0.8344386943775551
Tue May 21 2024 13:43:00 GMT+0200 (Central European Summer Time),0.8285497584533724
Tue May 21 2024 13:44:00 GMT+0200 (Central European Summer Time),0.8512246549444777
Tue May 21 2024 13:45:00 GMT+0200 (Central European Summer Time),0.8613839405822697
Tue May 21 2024 13:46:00 GMT+0200 (Central European Summer Time),0.8424539517478706
Tue May 21 2024 13:47:00 GMT+0200 (Central European Summer Time),0.8452215213464266
Tue May 21 2024 13:48:00 GMT+0200 (Central European Summer Time),0.842786627363436
Tue May 21 2024 13:49:00 GMT+0200 (Central European Summer Time),0.8518983820838382
Tue May 21 2024 13:50:00 GMT+0200 (Central European Summer Time),0.8605863513399223
Tue May 21 2024 13:51:00 GMT+0200 (Central European Summer Time),0.8394507012428979
Tue May 21 2024 13:52:00 GMT+0200 (Central European Summer Time),0.8438960974786899
Tue May 21 2024 13:53:00 GMT+0200 (Central European Summer Time),0.8609594841172868
Tue May 21 2024 13:54:00 GMT+0200 (Central European Summer Time),0.8458522977548455
Tue May 21 2024 13:55:00 GMT+0200 (Central European Summer Time),0.8500384225486111
Tue May 21 2024 13:56:00 GMT+0200 (Central European Summer Time),0.8585276567568978
Tue May 21 2024 13:57:00 GMT+0200 (Central European Summer Time),0.8613122707514927
Tue May 21 2024 13:58:00 GMT+0200 (Central European Summer Time),0.8488944083599411
Tue May 21 2024 13:59:00 GMT+0200 (Central European Summer Time),0.8541632900074471
Tue May 21 2024 14:00:00 GMT+0200 (Central European Summer Time),0.8610462442150113
Tue May 21 2024 14:01:00 GMT+0200 (Central European Summer Time),0.8611306187073523
Tue May 21 2024 14:02:00 GMT+0200 (Central European Summer Time),0.8434116528246098
Tue May 21 2024 14:03:00 GMT+0200 (Central European Summer Time),0.8463335044275027
Tue May 21 2024 14:04:00 GMT+0200 (Central European Summer Time),0.8641455249066211
Tue May 21 2024 14:05:00 GMT+0200 (Central European Summer Time),0.862934687920142
Tue May 21 2024 14:06:00 GMT+0200 (Central European Summer Time),0.857830517297801
Tue May 21 2024 14:07:00 GMT+0200 (Central European Summer Time),0.8441379779270392
Tue May 21 2024 14:08:00 GMT+0200 (Central European Summer Time),0.8525923688622773
Tue May 21 2024 14:09:00 GMT+0200 (Central European Summer Time),0.8647203787056847
Tue May 21 2024 14:10:00 GMT+0200 (Central European Summer Time),0.8620062134515668
Tue May 21 2024 14:11:00 GMT+0200 (Central European Summer Time),0.8631357539350195
Tue May 21 2024 14:12:00 GMT+0200 (Central European Summer Time),0.863205922138051
Tue May 21 2024 14:13:00 GMT+0200 (Central European Summer Time),0.8641242289217643
Tue May 21 2024 14:14:00 GMT+0200 (Central European Summer Time),0.8648509696548975
Tue May 21 2024 14:15:00 GMT+0200 (Central European Summer Time),0.8500121321593648
Tue May 21 2024 14:16:00 GMT+0200 (Central European Summer Time),0.853435588857072
Tue May 21 2024 14:17:00 GMT+0200 (Central European Summer Time),0.8655058564787623
Tue May 21 2024 14:18:00 GMT+0200 (Central European Summer Time),0.8649437362064418
Tue May 21 2024 14:19:00 GMT+0200 (Central European Summer Time),0.8639234096121754
Tue May 21 2024 14:20:00 GMT+0200 (Central European Summer Time),0.8643482170960396
Tue May 21 2024 14:21:00 GMT+0200 (Central European Summer Time),0.863784505765102
Tue May 21 2024 14:22:00 GMT+0200 (Central European Summer Time),0.8643080303038384
Tue May 21 2024 14:23:00 GMT+0200 (Central European Summer Time),0.8674236287066909
Tue May 21 2024 14:24:00 GMT+0200 (Central European Summer Time),0.8657409745788451
Tue May 21 2024 14:25:00 GMT+0200 (Central European Summer Time),0.8638166396017519
Tue May 21 2024 14:26:00 GMT+0200 (Central European Summer Time),0.8659434732385004
Tue May 21 2024 14:27:00 GMT+0200 (Central European Summer Time),0.8674052056326369
Tue May 21 2024 14:28:00 GMT+0200 (Central European Summer Time),0.8637508802601739
Tue May 21 2024 14:29:00 GMT+0200 (Central European Summer Time),0.8676099234754171
Tue May 21 2024 14:30:00 GMT+0200 (Central European Summer Time),0.8683012280688975
Tue May 21 2024 14:31:00 GMT+0200 (Central European Summer Time),0.8675085836108489
Tue May 21 2024 14:32:00 GMT+0200 (Central European Summer Time),0.8622637652832054
Tue May 21 2024 14:33:00 GMT+0200 (Central European Summer Time),0.8623930370914119
Tue May 21 2024 14:34:00 GMT+0200 (Central European Summer Time),0.8626933557593778
Tue May 21 2024 14:35:00 GMT+0200 (Central European Summer Time),0.8471411654745831
Tue May 21 2024 14:36:00 GMT+0200 (Central European Summer Time),0.890685791794931
Tue May 21 2024 14:37:00 GMT+0200 (Central European Summer Time),0.9108498617030061
Tue May 21 2024 14:38:00 GMT+0200 (Central European Summer Time),0.8775335588763937
Tue May 21 2024 14:39:00 GMT+0200 (Central European Summer Time),0.875327093271441
Tue May 21 2024 14:40:00 GMT+0200 (Central European Summer Time),0.8854017251165108
Tue May 21 2024 14:41:00 GMT+0200 (Central European Summer Time),0.8882866066011805
Tue May 21 2024 14:42:00 GMT+0200 (Central European Summer Time),0.8875458399204187
Tue May 21 2024 14:43:00 GMT+0200 (Central European Summer Time),0.8731241459865486
Tue May 21 2024 14:44:00 GMT+0200 (Central European Summer Time),0.8668233464374832
Tue May 21 2024 14:45:00 GMT+0200 (Central European Summer Time),0.8678061895196
Tue May 21 2024 14:46:00 GMT+0200 (Central European Summer Time),0.8707321773268025
Tue May 21 2024 14:47:00 GMT+0200 (Central European Summer Time),0.8696588599254937
Tue May 21 2024 14:48:00 GMT+0200 (Central European Summer Time),0.8686459834302847
Tue May 21 2024 14:49:00 GMT+0200 (Central European Summer Time),0.8713700855498852
Tue May 21 2024 14:50:00 GMT+0200 (Central European Summer Time),0.8704125010055274
Tue May 21 2024 14:51:00 GMT+0200 (Central European Summer Time),0.8680978342923481
Tue May 21 2024 14:52:00 GMT+0200 (Central European Summer Time),0.8723770927318583
Tue May 21 2024 14:53:00 GMT+0200 (Central European Summer Time),0.8731511740503568
Tue May 21 2024 14:54:00 GMT+0200 (Central European Summer Time),0.8832659018900055
Tue May 21 2024 14:55:00 GMT+0200 (Central European Summer Time),0.8804539805536479
Tue May 21 2024 14:56:00 GMT+0200 (Central European Summer Time),0.8742907401151417
Tue May 21 2024 14:57:00 GMT+0200 (Central European Summer Time),0.8715324566455214
Tue May 21 2024 14:58:00 GMT+0200 (Central European Summer Time),0.8673410196122707
Tue May 21 2024 14:59:00 GMT+0200 (Central European Summer Time),0.8687120970714962
Tue May 21 2024 15:00:00 GMT+0200 (Central European Summer Time),0.8760461315050482
Tue May 21 2024 15:01:00 GMT+0200 (Central European Summer Time),0.8771796073248121
Tue May 21 2024 15:02:00 GMT+0200 (Central European Summer Time),0.8695623580401843
Tue May 21 2024 15:03:00 GMT+0200 (Central European Summer Time),0.8879419979145344
Tue May 21 2024 15:04:00 GMT+0200 (Central European Summer Time),0.8861638516554042
Tue May 21 2024 15:05:00 GMT+0200 (Central European Summer Time),0.8702213012597743
Tue May 21 2024 15:06:00 GMT+0200 (Central European Summer Time),0.8686014091329525
Tue May 21 2024 15:07:00 GMT+0200 (Central European Summer Time),0.8727096370234297
Tue May 21 2024 15:08:00 GMT+0200 (Central European Summer Time),0.8746564735480661
Tue May 21 2024 15:09:00 GMT+0200 (Central European Summer Time),0.876929373086341
Tue May 21 2024 15:10:00 GMT+0200 (Central European Summer Time),0.8930366620965894
Tue May 21 2024 15:11:00 GMT+0200 (Central European Summer Time),0.8896080647659346
Tue May 21 2024 15:12:00 GMT+0200 (Central European Summer Time),0.8744506451781793
Tue May 21 2024 15:13:00 GMT+0200 (Central European Summer Time),0.8673562517010699
Tue May 21 2024 15:14:00 GMT+0200 (Central European Summer Time),0.8692816917924271
Tue May 21 2024 15:15:00 GMT+0200 (Central European Summer Time),0.8737706439853961
Tue May 21 2024 15:16:00 GMT+0200 (Central European Summer Time),0.8894720463004432
Tue May 21 2024 15:17:00 GMT+0200 (Central European Summer Time),0.8844231972492252
Tue May 21 2024 15:18:00 GMT+0200 (Central European Summer Time),0.8730095504223755
Tue May 21 2024 15:19:00 GMT+0200 (Central European Summer Time),0.8762278179894565
Tue May 21 2024 15:20:00 GMT+0200 (Central European Summer Time),0.8724262634907215
Tue May 21 2024 15:21:00 GMT+0200 (Central European Summer Time),0.887110150056166
Tue May 21 2024 15:22:00 GMT+0200 (Central European Summer Time),0.8835086855389818
Tue May 21 2024 15:23:00 GMT+0200 (Central European Summer Time),0.872668293885757
Tue May 21 2024 15:24:00 GMT+0200 (Central European Summer Time),0.8761210036221049
Tue May 21 2024 15:25:00 GMT+0200 (Central European Summer Time),0.8745912613129804
Tue May 21 2024 15:26:00 GMT+0200 (Central European Summer Time),0.8863623485066455
Tue May 21 2024 15:27:00 GMT+0200 (Central European Summer Time),0.8813341754693435
Tue May 21 2024 15:28:00 GMT+0200 (Central European Summer Time),0.871412434056765
Tue May 21 2024 15:29:00 GMT+0200 (Central European Summer Time),0.8808792613927835
Tue May 21 2024 15:30:00 GMT+0200 (Central European Summer Time),0.9046589347550252
Tue May 21 2024 15:31:00 GMT+0200 (Central European Summer Time),0.9019734633569291
Tue May 21 2024 15:32:00 GMT+0200 (Central European Summer Time),0.8791389688325884
Tue May 21 2024 15:33:00 GMT+0200 (Central European Summer Time),0.8731420508827795
Tue May 21 2024 15:34:00 GMT+0200 (Central European Summer Time),0.8861860826827676
Tue May 21 2024 15:35:00 GMT+0200 (Central European Summer Time),0.892640511958598
Tue May 21 2024 15:36:00 GMT+0200 (Central European Summer Time),0.8800474470782016
Tue May 21 2024 15:37:00 GMT+0200 (Central European Summer Time),0.4443727473108235
Tue May 21 2024 15:38:00 GMT+0200 (Central European Summer Time),0.06997238900272956
Tue May 21 2024 15:39:00 GMT+0200 (Central European Summer Time),0.08059069447519202
Tue May 21 2024 15:40:00 GMT+0200 (Central European Summer Time),0.1847583427763766
Tue May 21 2024 15:41:00 GMT+0200 (Central European Summer Time),0.35215115646269624
Tue May 21 2024 15:42:00 GMT+0200 (Central European Summer Time),0.6142452219690009
Tue May 21 2024 15:43:00 GMT+0200 (Central European Summer Time),0.7724032313131223
Tue May 21 2024 15:44:00 GMT+0200 (Central European Summer Time),0.8244201733235665
Tue May 21 2024 15:45:00 GMT+0200 (Central European Summer Time),0.7483736286366517
Tue May 21 2024 15:46:00 GMT+0200 (Central European Summer Time),0.28980073650148674
Tue May 21 2024 15:48:00 GMT+0200 (Central European Summer Time),0.13398161619643362
Tue May 21 2024 15:49:00 GMT+0200 (Central European Summer Time),0.1258553088071229
Tue May 21 2024 15:50:00 GMT+0200 (Central European Summer Time),0.015693915710633485
Tue May 21 2024 15:51:00 GMT+0200 (Central European Summer Time),0.12828969367174725
Tue May 21 2024 15:52:00 GMT+0200 (Central European Summer Time),0.11790275240414487
Tue May 21 2024 15:53:00 GMT+0200 (Central European Summer Time),0.07888029899435504
Tue May 21 2024 15:54:00 GMT+0200 (Central European Summer Time),0.35400310953717556
Tue May 21 2024 15:55:00 GMT+0200 (Central European Summer Time),0.6660890262357398
Tue May 21 2024 15:56:00 GMT+0200 (Central European Summer Time),0.8073435533606012
Tue May 21 2024 15:57:00 GMT+0200 (Central European Summer Time),0.8562064486946919
Tue May 21 2024 15:58:00 GMT+0200 (Central European Summer Time),0.7369169696628111
Tue May 21 2024 15:59:00 GMT+0200 (Central European Summer Time),0.7754576148914273
Tue May 21 2024 16:00:00 GMT+0200 (Central European Summer Time),0.6156230879909088
Tue May 21 2024 16:01:00 GMT+0200 (Central European Summer Time),0.2557263963546736
Tue May 21 2024 16:02:00 GMT+0200 (Central European Summer Time),0.33571556873526825
Tue May 21 2024 16:03:00 GMT+0200 (Central European Summer Time),0.7047868042237933
Tue May 21 2024 16:04:00 GMT+0200 (Central European Summer Time),0.7942260735924643
Tue May 21 2024 16:05:00 GMT+0200 (Central European Summer Time),0.7632612486236563
Tue May 21 2024 16:06:00 GMT+0200 (Central European Summer Time),0.6724782654574805
Tue May 21 2024 16:07:00 GMT+0200 (Central European Summer Time),0.4623041451763792
Tue May 21 2024 16:08:00 GMT+0200 (Central European Summer Time),0.3831516744895263
Tue May 21 2024 16:09:00 GMT+0200 (Central European Summer Time),0.5552695755677045
Tue May 21 2024 16:10:00 GMT+0200 (Central European Summer Time),0.801021713740956
Tue May 21 2024 16:11:00 GMT+0200 (Central European Summer Time),0.8729210869997436
Tue May 21 2024 16:12:00 GMT+0200 (Central European Summer Time),0.8734995838206638
Tue May 21 2024 16:13:00 GMT+0200 (Central European Summer Time),0.6071820364750996
Tue May 21 2024 16:14:00 GMT+0200 (Central European Summer Time),0.45464048956149933
Tue May 21 2024 16:15:00 GMT+0200 (Central European Summer Time),0.4628185516137061
Tue May 21 2024 16:16:00 GMT+0200 (Central European Summer Time),0.4608258907015814
Tue May 21 2024 16:17:00 GMT+0200 (Central European Summer Time),0.4642100030260243
Tue May 21 2024 16:18:00 GMT+0200 (Central European Summer Time),0.46932900983111003
Tue May 21 2024 16:19:00 GMT+0200 (Central European Summer Time),0.49313725490818566
Tue May 21 2024 16:20:00 GMT+0200 (Central European Summer Time),0.495946339920088
Tue May 21 2024 16:21:00 GMT+0200 (Central European Summer Time),0.49571111214519686
Tue May 21 2024 16:22:00 GMT+0200 (Central European Summer Time),0.5034536564679077
Tue May 21 2024 16:23:00 GMT+0200 (Central European Summer Time),0.5041152128648643
Tue May 21 2024 16:24:00 GMT+0200 (Central European Summer Time),0.5106184580556525
Tue May 21 2024 16:25:00 GMT+0200 (Central European Summer Time),0.621944956074223
Tue May 21 2024 16:26:00 GMT+0200 (Central European Summer Time),0.6327257586182554
Tue May 21 2024 16:27:00 GMT+0200 (Central European Summer Time),0.36338120903168375
Tue May 21 2024 16:28:00 GMT+0200 (Central European Summer Time),0.21736004103217207
Tue May 21 2024 16:29:00 GMT+0200 (Central European Summer Time),0.21959644196447242
Tue May 21 2024 16:30:00 GMT+0200 (Central European Summer Time),0.2179435028948281
Tue May 21 2024 16:31:00 GMT+0200 (Central European Summer Time),0.21926812002207802
Tue May 21 2024 16:32:00 GMT+0200 (Central European Summer Time),0.2194068566783661
Tue May 21 2024 16:33:00 GMT+0200 (Central European Summer Time),0.22033738574250114
Tue May 21 2024 16:34:00 GMT+0200 (Central European Summer Time),0.24027969576830704
Tue May 21 2024 16:35:00 GMT+0200 (Central European Summer Time),0.5756130319711663
Tue May 21 2024 16:36:00 GMT+0200 (Central European Summer Time),0.6889343354108367
Tue May 21 2024 16:37:00 GMT+0200 (Central European Summer Time),0.3899375257619037
Tue May 21 2024 16:38:00 GMT+0200 (Central European Summer Time),0.23119922775805055
Tue May 21 2024 16:39:00 GMT+0200 (Central European Summer Time),0.23458625765036914
Tue May 21 2024 16:40:00 GMT+0200 (Central European Summer Time),0.23297901170862664
Tue May 21 2024 16:41:00 GMT+0200 (Central European Summer Time),0.23355999291322102
Tue May 21 2024 16:42:00 GMT+0200 (Central European Summer Time),0.23754264065107691
Tue May 21 2024 16:43:00 GMT+0200 (Central European Summer Time),0.23602438882254545
Tue May 21 2024 16:44:00 GMT+0200 (Central European Summer Time),0.25386777984098974
Tue May 21 2024 16:45:00 GMT+0200 (Central European Summer Time),0.25071308576011686
Tue May 21 2024 16:46:00 GMT+0200 (Central European Summer Time),0.2393025429425734
Tue May 21 2024 16:47:00 GMT+0200 (Central European Summer Time),0.2380607908774929
Tue May 21 2024 16:48:00 GMT+0200 (Central European Summer Time),0.24251205904327358
Tue May 21 2024 16:49:00 GMT+0200 (Central European Summer Time),0.24237292892543869
Tue May 21 2024 16:50:00 GMT+0200 (Central European Summer Time),0.24190438413201415
Tue May 21 2024 16:51:00 GMT+0200 (Central European Summer Time),0.24362901151337155
Tue May 21 2024 16:52:00 GMT+0200 (Central European Summer Time),0.2431589821849684
Tue May 21 2024 16:53:00 GMT+0200 (Central European Summer Time),0.248762107443099
Tue May 21 2024 16:54:00 GMT+0200 (Central European Summer Time),0.2910051587156924
Tue May 21 2024 16:55:00 GMT+0200 (Central European Summer Time),0.6435295035959749
Tue May 21 2024 16:56:00 GMT+0200 (Central European Summer Time),0.6513410016192097
Tue May 21 2024 16:57:00 GMT+0200 (Central European Summer Time),0.3605726483357709
Tue May 21 2024 16:58:00 GMT+0200 (Central European Summer Time),0.25253529005338277
Tue May 21 2024 16:59:00 GMT+0200 (Central European Summer Time),0.25798772876925113
Tue May 21 2024 17:00:00 GMT+0200 (Central European Summer Time),0.26305196281120213
Tue May 21 2024 17:01:00 GMT+0200 (Central European Summer Time),0.25469438502946107
Tue May 21 2024 17:02:00 GMT+0200 (Central European Summer Time),0.26004169754172984
Tue May 21 2024 17:03:00 GMT+0200 (Central European Summer Time),0.26464740835737455
Tue May 21 2024 17:04:00 GMT+0200 (Central European Summer Time),0.25803351042079614
Tue May 21 2024 17:05:00 GMT+0200 (Central European Summer Time),0.44858864738481163
Tue May 21 2024 17:06:00 GMT+0200 (Central European Summer Time),0.7462220771122323
Tue May 21 2024 17:07:00 GMT+0200 (Central European Summer Time),0.7343289858940049
Tue May 21 2024 17:08:00 GMT+0200 (Central European Summer Time),0.4205499815956765
Tue May 21 2024 17:09:00 GMT+0200 (Central European Summer Time),0.2655357295840076
Tue May 21 2024 17:10:00 GMT+0200 (Central European Summer Time),0.27359837408808974
Tue May 21 2024 17:11:00 GMT+0200 (Central European Summer Time),0.27055107266891504
Tue May 21 2024 17:12:00 GMT+0200 (Central European Summer Time),0.2649602820227301
Tue May 21 2024 17:13:00 GMT+0200 (Central European Summer Time),0.2699286847565266
Tue May 21 2024 17:14:00 GMT+0200 (Central European Summer Time),0.5464776152643557
Tue May 21 2024 17:15:00 GMT+0200 (Central European Summer Time),0.822517866084407
Tue May 21 2024 17:16:00 GMT+0200 (Central European Summer Time),0.7560197274250261
Tue May 21 2024 17:17:00 GMT+0200 (Central European Summer Time),0.4364098349869361
Tue May 21 2024 17:18:00 GMT+0200 (Central European Summer Time),0.28784381641471557
Tue May 21 2024 17:19:00 GMT+0200 (Central European Summer Time),0.28274624284621647
Tue May 21 2024 17:20:00 GMT+0200 (Central European Summer Time),0.28471001975239385
Tue May 21 2024 17:21:00 GMT+0200 (Central European Summer Time),0.2828909456667589
Tue May 21 2024 17:22:00 GMT+0200 (Central European Summer Time),0.6101328855934071
Tue May 21 2024 17:23:00 GMT+0200 (Central European Summer Time),0.7406303159155793
Tue May 21 2024 17:24:00 GMT+0200 (Central European Summer Time),0.4496915184314882
Tue May 21 2024 17:25:00 GMT+0200 (Central European Summer Time),0.29855107463684666
Tue May 21 2024 17:26:00 GMT+0200 (Central European Summer Time),0.2957042144154457
Tue May 21 2024 17:27:00 GMT+0200 (Central European Summer Time),0.3977488825704768
Tue May 21 2024 17:28:00 GMT+0200 (Central European Summer Time),0.7196050480972114
Tue May 21 2024 17:29:00 GMT+0200 (Central European Summer Time),0.7757108119114112
Tue May 21 2024 17:30:00 GMT+0200 (Central European Summer Time),0.4794296615187401
Tue May 21 2024 17:31:00 GMT+0200 (Central European Summer Time),0.3133070637373142
Tue May 21 2024 17:32:00 GMT+0200 (Central European Summer Time),0.3236445793618183
Tue May 21 2024 17:33:00 GMT+0200 (Central European Summer Time),0.6735412902942092
Tue May 21 2024 17:34:00 GMT+0200 (Central European Summer Time),0.8912883149902124
Tue May 21 2024 17:35:00 GMT+0200 (Central European Summer Time),0.8878132106438822
Tue May 21 2024 17:36:00 GMT+0200 (Central European Summer Time),0.872533990675447
Tue May 21 2024 17:37:00 GMT+0200 (Central European Summer Time),0.8599610920172002
Tue May 21 2024 17:38:00 GMT+0200 (Central European Summer Time),0.8212623368005931
Tue May 21 2024 17:39:00 GMT+0200 (Central European Summer Time),0.8047149040643338
Tue May 21 2024 17:40:00 GMT+0200 (Central European Summer Time),0.8097709035623969
Tue May 21 2024 17:41:00 GMT+0200 (Central European Summer Time),0.7066208527251547
Tue May 21 2024 17:42:00 GMT+0200 (Central European Summer Time),0.46488706208641967
Tue May 21 2024 17:43:00 GMT+0200 (Central European Summer Time),0.3387780927449967
Tue May 21 2024 17:44:00 GMT+0200 (Central European Summer Time),0.33716961210828533
Tue May 21 2024 17:45:00 GMT+0200 (Central European Summer Time),0.3351403308565902
Tue May 21 2024 17:46:00 GMT+0200 (Central European Summer Time),0.33340397948604733
Tue May 21 2024 17:47:00 GMT+0200 (Central European Summer Time),0.3503852492127407
Tue May 21 2024 17:48:00 GMT+0200 (Central European Summer Time),0.6783513664326468
Tue May 21 2024 17:49:00 GMT+0200 (Central European Summer Time),0.8047838515823741
Tue May 21 2024 17:50:00 GMT+0200 (Central European Summer Time),0.507429152913384
Tue May 21 2024 17:51:00 GMT+0200 (Central European Summer Time),0.3406681694799242
Tue May 21 2024 17:52:00 GMT+0200 (Central European Summer Time),0.34189801286596166
Tue May 21 2024 17:53:00 GMT+0200 (Central European Summer Time),0.5006854118402467
Tue May 21 2024 17:54:00 GMT+0200 (Central European Summer Time),0.7740293273137089
Tue May 21 2024 17:55:00 GMT+0200 (Central European Summer Time),0.8497314393245233
Tue May 21 2024 17:56:00 GMT+0200 (Central European Summer Time),0.8995070189645503
Tue May 21 2024 17:57:00 GMT+0200 (Central European Summer Time),0.9333517707981248
Tue May 21 2024 17:58:00 GMT+0200 (Central European Summer Time),0.9038845631419008
Tue May 21 2024 17:59:00 GMT+0200 (Central European Summer Time),0.875469593318265
Tue May 21 2024 18:00:00 GMT+0200 (Central European Summer Time),0.8769348804409143
Tue May 21 2024 18:01:00 GMT+0200 (Central European Summer Time),0.8366023519697213
Tue May 21 2024 18:02:00 GMT+0200 (Central European Summer Time),0.8646990156507399
Tue May 21 2024 18:03:00 GMT+0200 (Central European Summer Time),0.9093649798653359
Tue May 21 2024 18:04:00 GMT+0200 (Central European Summer Time),0.9017656427972194
Tue May 21 2024 18:05:00 GMT+0200 (Central European Summer Time),0.8901390056840076
Tue May 21 2024 18:06:00 GMT+0200 (Central European Summer Time),0.893742368708619
Tue May 21 2024 18:07:00 GMT+0200 (Central European Summer Time),0.8302056852652488
Tue May 21 2024 18:08:00 GMT+0200 (Central European Summer Time),0.5404373034969163
Tue May 21 2024 18:09:00 GMT+0200 (Central European Summer Time),0.3810672851426261
Tue May 21 2024 18:10:00 GMT+0200 (Central European Summer Time),0.381585547774633
Tue May 21 2024 18:11:00 GMT+0200 (Central European Summer Time),0.3828974747331055
Tue May 21 2024 18:12:00 GMT+0200 (Central European Summer Time),0.5168859203403978
Tue May 21 2024 18:13:00 GMT+0200 (Central European Summer Time),0.7628294064364733
Tue May 21 2024 18:14:00 GMT+0200 (Central European Summer Time),0.8361926703088254
Tue May 21 2024 18:15:00 GMT+0200 (Central European Summer Time),0.5641924210790724
Tue May 21 2024 18:16:00 GMT+0200 (Central European Summer Time),0.3934013096818338
Tue May 21 2024 18:17:00 GMT+0200 (Central European Summer Time),0.5068315781403574
Tue May 21 2024 18:18:00 GMT+0200 (Central European Summer Time),0.7660724430686362
Tue May 21 2024 18:19:00 GMT+0200 (Central European Summer Time),0.8931365524244635
Tue May 21 2024 18:20:00 GMT+0200 (Central European Summer Time),0.8475462048943275
Tue May 21 2024 18:21:00 GMT+0200 (Central European Summer Time),0.5799092817938193
Tue May 21 2024 18:22:00 GMT+0200 (Central European Summer Time),0.46213778197450966
Tue May 21 2024 18:23:00 GMT+0200 (Central European Summer Time),0.730797683235672
Tue May 21 2024 18:24:00 GMT+0200 (Central European Summer Time),0.8956030354143574
Tue May 21 2024 18:25:00 GMT+0200 (Central European Summer Time),0.8952348251765367
Tue May 21 2024 18:26:00 GMT+0200 (Central European Summer Time),0.8938682760909917
Tue May 21 2024 18:27:00 GMT+0200 (Central European Summer Time),0.8603334390773397
Tue May 21 2024 18:28:00 GMT+0200 (Central European Summer Time),0.5928840719886921
Tue May 21 2024 18:29:00 GMT+0200 (Central European Summer Time),0.41664608143281234
Tue May 21 2024 18:30:00 GMT+0200 (Central European Summer Time),0.41209716579219274
Tue May 21 2024 18:31:00 GMT+0200 (Central European Summer Time),0.408977994993711
Tue May 21 2024 18:32:00 GMT+0200 (Central European Summer Time),0.4120381756196821
Tue May 21 2024 18:33:00 GMT+0200 (Central European Summer Time),0.41420118871972894
Tue May 21 2024 18:34:00 GMT+0200 (Central European Summer Time),0.5180367701271128
Tue May 21 2024 18:35:00 GMT+0200 (Central European Summer Time),0.7685225302425654
Tue May 21 2024 18:36:00 GMT+0200 (Central European Summer Time),0.8672791407168158
Tue May 21 2024 18:37:00 GMT+0200 (Central European Summer Time),0.5985677912257719
Tue May 21 2024 18:38:00 GMT+0200 (Central European Summer Time),0.4920604937513114
Tue May 21 2024 18:39:00 GMT+0200 (Central European Summer Time),0.7373045310781587
Tue May 21 2024 18:40:00 GMT+0200 (Central European Summer Time),0.887188363831774
Tue May 21 2024 18:41:00 GMT+0200 (Central European Summer Time),0.8634491904572315
Tue May 21 2024 18:42:00 GMT+0200 (Central European Summer Time),0.5971707342753537
Tue May 21 2024 18:43:00 GMT+0200 (Central European Summer Time),0.4270646621590913
Tue May 21 2024 18:44:00 GMT+0200 (Central European Summer Time),0.5259906517640806
Tue May 21 2024 18:45:00 GMT+0200 (Central European Summer Time),0.7691417372607248
Tue May 21 2024 18:46:00 GMT+0200 (Central European Summer Time),0.8769710751467755
Tue May 21 2024 18:47:00 GMT+0200 (Central European Summer Time),0.6157361730883015
Tue May 21 2024 18:48:00 GMT+0200 (Central European Summer Time),0.5318999040178065
Tue May 21 2024 18:49:00 GMT+0200 (Central European Summer Time),0.7736630524041478
Tue May 21 2024 18:50:00 GMT+0200 (Central European Summer Time),0.8838117584085922
Tue May 21 2024 18:51:00 GMT+0200 (Central European Summer Time),0.6187315249634442
Tue May 21 2024 18:52:00 GMT+0200 (Central European Summer Time),0.44341962092667014
Tue May 21 2024 18:53:00 GMT+0200 (Central European Summer Time),0.440266507787904
Tue May 21 2024 18:54:00 GMT+0200 (Central European Summer Time),0.44605124006708746
Tue May 21 2024 18:55:00 GMT+0200 (Central European Summer Time),0.4450761380229778
Tue May 21 2024 18:56:00 GMT+0200 (Central European Summer Time),0.44339988631654703
Tue May 21 2024 18:57:00 GMT+0200 (Central European Summer Time),0.5332610255088487
Tue May 21 2024 18:58:00 GMT+0200 (Central European Summer Time),0.7594220128840182
Tue May 21 2024 18:59:00 GMT+0200 (Central European Summer Time),0.8852810667284908
Tue May 21 2024 19:00:00 GMT+0200 (Central European Summer Time),0.8886555277399869
Tue May 21 2024 19:01:00 GMT+0200 (Central European Summer Time),0.631960744494927
Tue May 21 2024 19:02:00 GMT+0200 (Central European Summer Time),0.44839580643285143
Tue May 21 2024 19:03:00 GMT+0200 (Central European Summer Time),0.4488625687550363
Tue May 21 2024 19:04:00 GMT+0200 (Central European Summer Time),0.45501853665058056
Tue May 21 2024 19:05:00 GMT+0200 (Central European Summer Time),0.4481592443552927
Tue May 21 2024 19:06:00 GMT+0200 (Central European Summer Time),0.4544379752818107
Tue May 21 2024 19:07:00 GMT+0200 (Central European Summer Time),0.46066688321884613
Tue May 21 2024 19:08:00 GMT+0200 (Central European Summer Time),0.4654153893307163
Tue May 21 2024 19:09:00 GMT+0200 (Central European Summer Time),0.4679322357582805
Tue May 21 2024 19:10:00 GMT+0200 (Central European Summer Time),0.4595164809803615
Tue May 21 2024 19:11:00 GMT+0200 (Central European Summer Time),0.46054892429582045
Tue May 21 2024 19:12:00 GMT+0200 (Central European Summer Time),0.46825922470801135
Tue May 21 2024 19:13:00 GMT+0200 (Central European Summer Time),0.46446703162766123
Tue May 21 2024 19:14:00 GMT+0200 (Central European Summer Time),0.4606277902845704
Tue May 21 2024 19:15:00 GMT+0200 (Central European Summer Time),0.4692083241291584
Tue May 21 2024 19:16:00 GMT+0200 (Central European Summer Time),0.46941460115652567
Tue May 21 2024 19:17:00 GMT+0200 (Central European Summer Time),0.4685436521527208
Tue May 21 2024 19:18:00 GMT+0200 (Central European Summer Time),0.4756424369414617
Tue May 21 2024 19:19:00 GMT+0200 (Central European Summer Time),0.46856011021410876
Tue May 21 2024 19:20:00 GMT+0200 (Central European Summer Time),0.4678741871021884
Tue May 21 2024 19:21:00 GMT+0200 (Central European Summer Time),0.4697616462735823
Tue May 21 2024 19:22:00 GMT+0200 (Central European Summer Time),0.48154894941653764
Tue May 21 2024 19:23:00 GMT+0200 (Central European Summer Time),0.4837312582993945
Tue May 21 2024 19:24:00 GMT+0200 (Central European Summer Time),0.4814919167415307
Tue May 21 2024 19:25:00 GMT+0200 (Central European Summer Time),0.47265912662754395
Tue May 21 2024 19:26:00 GMT+0200 (Central European Summer Time),0.4777639028560922
Tue May 21 2024 19:27:00 GMT+0200 (Central European Summer Time),0.4784666480178809
Tue May 21 2024 19:28:00 GMT+0200 (Central European Summer Time),0.4764394152308948
Tue May 21 2024 19:29:00 GMT+0200 (Central European Summer Time),0.4837065015987719
Tue May 21 2024 19:30:00 GMT+0200 (Central European Summer Time),0.47852377980349653
Tue May 21 2024 19:31:00 GMT+0200 (Central European Summer Time),0.5392287634518955
Tue May 21 2024 19:32:00 GMT+0200 (Central European Summer Time),0.7718649364714565
Tue May 21 2024 19:33:00 GMT+0200 (Central European Summer Time),0.9052963871611913
Tue May 21 2024 19:34:00 GMT+0200 (Central European Summer Time),0.8849497172774136
Tue May 21 2024 19:35:00 GMT+0200 (Central European Summer Time),0.8914842715480821
Tue May 21 2024 19:36:00 GMT+0200 (Central European Summer Time),0.9059505233405313
Tue May 21 2024 19:37:00 GMT+0200 (Central European Summer Time),0.9063728638090803
Tue May 21 2024 19:38:00 GMT+0200 (Central European Summer Time),0.9006525084978875
Tue May 21 2024 19:39:00 GMT+0200 (Central European Summer Time),0.691834838044709
Tue May 21 2024 19:40:00 GMT+0200 (Central European Summer Time),0.517553420464507
Tue May 21 2024 19:41:00 GMT+0200 (Central European Summer Time),0.49621346205872213
Tue May 21 2024 19:42:00 GMT+0200 (Central European Summer Time),0.557606130026276
Tue May 21 2024 19:43:00 GMT+0200 (Central European Summer Time),0.7617975864316273
Tue May 21 2024 19:44:00 GMT+0200 (Central European Summer Time),0.8908485121327279
Tue May 21 2024 19:45:00 GMT+0200 (Central European Summer Time),0.7025411492966062
Tue May 21 2024 19:46:00 GMT+0200 (Central European Summer Time),0.5232085523280906
Tue May 21 2024 19:47:00 GMT+0200 (Central European Summer Time),0.7148833375829933
Tue May 21 2024 19:48:00 GMT+0200 (Central European Summer Time),0.8878096417015058
Tue May 21 2024 19:49:00 GMT+0200 (Central European Summer Time),0.709452273800692
Tue May 21 2024 19:50:00 GMT+0200 (Central European Summer Time),0.537421279934506
Tue May 21 2024 19:51:00 GMT+0200 (Central European Summer Time),0.5045462065181557
Tue May 21 2024 19:52:00 GMT+0200 (Central European Summer Time),0.5102227904703492
Tue May 21 2024 19:53:00 GMT+0200 (Central European Summer Time),0.5658142766247541
Tue May 21 2024 19:54:00 GMT+0200 (Central European Summer Time),0.7650117918610704
Tue May 21 2024 19:55:00 GMT+0200 (Central European Summer Time),0.8928880746238671
Tue May 21 2024 19:56:00 GMT+0200 (Central European Summer Time),0.7123370292905747
Tue May 21 2024 19:57:00 GMT+0200 (Central European Summer Time),0.542618131212339
Tue May 21 2024 19:58:00 GMT+0200 (Central European Summer Time),0.5103451477354156
Tue May 21 2024 19:59:00 GMT+0200 (Central European Summer Time),0.5682426307291735
Tue May 21 2024 20:00:00 GMT+0200 (Central European Summer Time),0.784804321286659
Tue May 21 2024 20:01:00 GMT+0200 (Central European Summer Time),0.9045820017067551
Tue May 21 2024 20:02:00 GMT+0200 (Central European Summer Time),0.9003136206419186
Tue May 21 2024 20:03:00 GMT+0200 (Central European Summer Time),0.7316058243086142
Tue May 21 2024 20:04:00 GMT+0200 (Central European Summer Time),0.5524552507557625
Tue May 21 2024 20:05:00 GMT+0200 (Central European Summer Time),0.5215390708859559
Tue May 21 2024 20:06:00 GMT+0200 (Central European Summer Time),0.521454044922181
Tue May 21 2024 20:07:00 GMT+0200 (Central European Summer Time),0.5205078066611653
Tue May 21 2024 20:08:00 GMT+0200 (Central European Summer Time),0.5324823609723353
Tue May 21 2024 20:09:00 GMT+0200 (Central European Summer Time),0.5228830057880866
Tue May 21 2024 20:10:00 GMT+0200 (Central European Summer Time),0.5266034382888696
Tue May 21 2024 20:11:00 GMT+0200 (Central European Summer Time),0.5322118861903012
Tue May 21 2024 20:12:00 GMT+0200 (Central European Summer Time),0.5289850303786807
Tue May 21 2024 20:13:00 GMT+0200 (Central European Summer Time),0.5370571559106793
Tue May 21 2024 20:14:00 GMT+0200 (Central European Summer Time),0.5325368341737279
Tue May 21 2024 20:15:00 GMT+0200 (Central European Summer Time),0.5315261777124457
Tue May 21 2024 20:16:00 GMT+0200 (Central European Summer Time),0.5335928460747406
Tue May 21 2024 20:17:00 GMT+0200 (Central European Summer Time),0.7061125601841013
Tue May 21 2024 20:18:00 GMT+0200 (Central European Summer Time),0.8737211376706909
Tue May 21 2024 20:19:00 GMT+0200 (Central European Summer Time),0.9053408513924902
Tue May 21 2024 20:20:00 GMT+0200 (Central European Summer Time),0.7975339132720971
Tue May 21 2024 20:21:00 GMT+0200 (Central European Summer Time),0.8271708440040735
Tue May 21 2024 20:22:00 GMT+0200 (Central European Summer Time),0.9027929948158089
Tue May 21 2024 20:23:00 GMT+0200 (Central European Summer Time),0.901565150579366
Tue May 21 2024 20:24:00 GMT+0200 (Central European Summer Time),0.6924813374595639
Tue May 21 2024 20:25:00 GMT+0200 (Central European Summer Time),0.5806387367582526
Tue May 21 2024 20:26:00 GMT+0200 (Central European Summer Time),0.7652304309300537
Tue May 21 2024 20:27:00 GMT+0200 (Central European Summer Time),0.8978582737963431
Tue May 21 2024 20:28:00 GMT+0200 (Central European Summer Time),0.7650932696984758
Tue May 21 2024 20:29:00 GMT+0200 (Central European Summer Time),0.5904897460851922
Tue May 21 2024 20:30:00 GMT+0200 (Central European Summer Time),0.5551581159326512
Tue May 21 2024 20:31:00 GMT+0200 (Central European Summer Time),0.5505025245783448
Tue May 21 2024 20:32:00 GMT+0200 (Central European Summer Time),0.5529046609710045
Tue May 21 2024 20:33:00 GMT+0200 (Central European Summer Time),0.5601358689755216
Tue May 21 2024 20:34:00 GMT+0200 (Central European Summer Time),0.5634739462829202
Tue May 21 2024 20:35:00 GMT+0200 (Central European Summer Time),0.5918732831929749
Tue May 21 2024 20:36:00 GMT+0200 (Central European Summer Time),0.7804990093730035
Tue May 21 2024 20:37:00 GMT+0200 (Central European Summer Time),0.903876707536862
Tue May 21 2024 20:38:00 GMT+0200 (Central European Summer Time),0.8003595153661687
Tue May 21 2024 20:39:00 GMT+0200 (Central European Summer Time),0.6417994296908243
Tue May 21 2024 20:40:00 GMT+0200 (Central European Summer Time),0.5676606199263006
Tue May 21 2024 20:41:00 GMT+0200 (Central European Summer Time),0.5654904940999586
Tue May 21 2024 20:42:00 GMT+0200 (Central European Summer Time),0.577563026695619
Tue May 21 2024 20:43:00 GMT+0200 (Central European Summer Time),0.5644870797966783
Tue May 21 2024 20:44:00 GMT+0200 (Central European Summer Time),0.6861916926214386
Tue May 21 2024 20:45:00 GMT+0200 (Central European Summer Time),0.8551441154633115
Tue May 21 2024 20:46:00 GMT+0200 (Central European Summer Time),0.9020657836914021
Tue May 21 2024 20:47:00 GMT+0200 (Central European Summer Time),0.7969549912372107
Tue May 21 2024 20:48:00 GMT+0200 (Central European Summer Time),0.6324243817132507
Tue May 21 2024 20:49:00 GMT+0200 (Central European Summer Time),0.5787643495945304
Tue May 21 2024 20:50:00 GMT+0200 (Central European Summer Time),0.5914255263140452
Tue May 21 2024 20:51:00 GMT+0200 (Central European Summer Time),0.5848060179639408
Tue May 21 2024 20:52:00 GMT+0200 (Central European Summer Time),0.5796295272235814
Tue May 21 2024 20:53:00 GMT+0200 (Central European Summer Time),0.5725230976229796
Tue May 21 2024 20:54:00 GMT+0200 (Central European Summer Time),0.5795822214508614
Tue May 21 2024 20:55:00 GMT+0200 (Central European Summer Time),0.5822670728156785
Tue May 21 2024 20:56:00 GMT+0200 (Central European Summer Time),0.5799348640765554
Tue May 21 2024 20:57:00 GMT+0200 (Central European Summer Time),0.5919915091717182
Tue May 21 2024 20:58:00 GMT+0200 (Central European Summer Time),0.583011436283626
Tue May 21 2024 20:59:00 GMT+0200 (Central European Summer Time),0.5811941494700477
Tue May 21 2024 21:00:00 GMT+0200 (Central European Summer Time),0.5814395564272672
Tue May 21 2024 21:01:00 GMT+0200 (Central European Summer Time),0.5832234682249388
Tue May 21 2024 21:02:00 GMT+0200 (Central European Summer Time),0.6046642738728224
Tue May 21 2024 21:03:00 GMT+0200 (Central European Summer Time),0.766392898303305
Tue May 21 2024 21:04:00 GMT+0200 (Central European Summer Time),0.897081986315637
Tue May 21 2024 21:05:00 GMT+0200 (Central European Summer Time),0.9121349668877883
Tue May 21 2024 21:06:00 GMT+0200 (Central European Summer Time),0.9076708111141973
Tue May 21 2024 21:07:00 GMT+0200 (Central European Summer Time),0.8216526060919326
Tue May 21 2024 21:08:00 GMT+0200 (Central European Summer Time),0.6627108922568671
Tue May 21 2024 21:09:00 GMT+0200 (Central European Summer Time),0.593377787181574
Tue May 21 2024 21:10:00 GMT+0200 (Central European Summer Time),0.6014387115332284
Tue May 21 2024 21:11:00 GMT+0200 (Central European Summer Time),0.6140132407029342
Tue May 21 2024 21:12:00 GMT+0200 (Central European Summer Time),0.7881020242834287
Tue May 21 2024 21:13:00 GMT+0200 (Central European Summer Time),0.9123220043588844
Tue May 21 2024 21:14:00 GMT+0200 (Central European Summer Time),0.8643479330245403
Tue May 21 2024 21:15:00 GMT+0200 (Central European Summer Time),0.8764615354580201
Tue May 21 2024 21:16:00 GMT+0200 (Central European Summer Time),0.9103206087900313
Tue May 21 2024 21:17:00 GMT+0200 (Central European Summer Time),0.8216339587076921
Tue May 21 2024 21:18:00 GMT+0200 (Central European Summer Time),0.6763271673771366
Tue May 21 2024 21:19:00 GMT+0200 (Central European Summer Time),0.6126027765085685
Tue May 21 2024 21:20:00 GMT+0200 (Central European Summer Time),0.6122511953767571
Tue May 21 2024 21:21:00 GMT+0200 (Central European Summer Time),0.6170222333462637
Tue May 21 2024 21:22:00 GMT+0200 (Central European Summer Time),0.6956993115492878
Tue May 21 2024 21:23:00 GMT+0200 (Central European Summer Time),0.8405722495528001
Tue May 21 2024 21:24:00 GMT+0200 (Central European Summer Time),0.9074380171254234
Tue May 21 2024 21:25:00 GMT+0200 (Central European Summer Time),0.8937349208993813
Tue May 21 2024 21:26:00 GMT+0200 (Central European Summer Time),0.8397599104938914
Tue May 21 2024 21:27:00 GMT+0200 (Central European Summer Time),0.7621072382279939
Tue May 21 2024 21:28:00 GMT+0200 (Central European Summer Time),0.8312664836641791
Tue May 21 2024 21:29:00 GMT+0200 (Central European Summer Time),0.9057060653791268
Tue May 21 2024 21:30:00 GMT+0200 (Central European Summer Time),0.8464409169494805
Tue May 21 2024 21:31:00 GMT+0200 (Central European Summer Time),0.7097223957121362
Tue May 21 2024 21:32:00 GMT+0200 (Central European Summer Time),0.6296070000537232
Tue May 21 2024 21:33:00 GMT+0200 (Central European Summer Time),0.6227721813787866
Tue May 21 2024 21:34:00 GMT+0200 (Central European Summer Time),0.6302738591987387
Tue May 21 2024 21:35:00 GMT+0200 (Central European Summer Time),0.6256970018784462
Tue May 21 2024 21:36:00 GMT+0200 (Central European Summer Time),0.6137149451682793
Tue May 21 2024 21:37:00 GMT+0200 (Central European Summer Time),0.653344332210933
Tue May 21 2024 21:38:00 GMT+0200 (Central European Summer Time),0.655451026156273
Tue May 21 2024 21:39:00 GMT+0200 (Central European Summer Time),0.6367887742470885
Tue May 21 2024 21:40:00 GMT+0200 (Central European Summer Time),0.6345650056394637
Tue May 21 2024 21:41:00 GMT+0200 (Central European Summer Time),0.6451453941497979
Tue May 21 2024 21:42:00 GMT+0200 (Central European Summer Time),0.642203674541967
Tue May 21 2024 21:43:00 GMT+0200 (Central European Summer Time),0.6324377813781817
Tue May 21 2024 21:44:00 GMT+0200 (Central European Summer Time),0.6459926259047583
Tue May 21 2024 21:45:00 GMT+0200 (Central European Summer Time),0.6384670781119894
Tue May 21 2024 21:46:00 GMT+0200 (Central European Summer Time),0.6417030893838577
Tue May 21 2024 21:47:00 GMT+0200 (Central European Summer Time),0.6553644699597801
Tue May 21 2024 21:48:00 GMT+0200 (Central European Summer Time),0.6429864323791662
Tue May 21 2024 21:49:00 GMT+0200 (Central European Summer Time),0.6430225812117594
Tue May 21 2024 21:50:00 GMT+0200 (Central European Summer Time),0.6279628802039345
Tue May 21 2024 21:51:00 GMT+0200 (Central European Summer Time),0.6522383559447007
Tue May 21 2024 21:52:00 GMT+0200 (Central European Summer Time),0.6753411200416546
Tue May 21 2024 21:53:00 GMT+0200 (Central European Summer Time),0.6467354087029283
Tue May 21 2024 21:54:00 GMT+0200 (Central European Summer Time),0.6455537328026669
Tue May 21 2024 21:55:00 GMT+0200 (Central European Summer Time),0.6485739262959517
Tue May 21 2024 21:56:00 GMT+0200 (Central European Summer Time),0.6413811023212475
Tue May 21 2024 21:57:00 GMT+0200 (Central European Summer Time),0.6570578340532545
Tue May 21 2024 21:58:00 GMT+0200 (Central European Summer Time),0.6515507174535742
Tue May 21 2024 21:59:00 GMT+0200 (Central European Summer Time),0.6487896826913432
Tue May 21 2024 22:00:00 GMT+0200 (Central European Summer Time),0.6519219347737211
Tue May 21 2024 22:01:00 GMT+0200 (Central European Summer Time),0.6476387731092472
Tue May 21 2024 22:02:00 GMT+0200 (Central European Summer Time),0.6596572945946112
Tue May 21 2024 22:03:00 GMT+0200 (Central European Summer Time),0.6546544240040021
Tue May 21 2024 22:04:00 GMT+0200 (Central European Summer Time),0.6386539629388002
Tue May 21 2024 22:05:00 GMT+0200 (Central European Summer Time),0.6784456727636704
Tue May 21 2024 22:06:00 GMT+0200 (Central European Summer Time),0.6812220216259144
Tue May 21 2024 22:07:00 GMT+0200 (Central European Summer Time),0.6619442098008221
Tue May 21 2024 22:08:00 GMT+0200 (Central European Summer Time),0.6554384029872078
Tue May 21 2024 22:09:00 GMT+0200 (Central European Summer Time),0.6602756967403063
Tue May 21 2024 22:10:00 GMT+0200 (Central European Summer Time),0.6584922998780106
Tue May 21 2024 22:11:00 GMT+0200 (Central European Summer Time),0.6526977850018738
Tue May 21 2024 22:12:00 GMT+0200 (Central European Summer Time),0.6652866583137741
Tue May 21 2024 22:13:00 GMT+0200 (Central European Summer Time),0.6587954002443136
Tue May 21 2024 22:14:00 GMT+0200 (Central European Summer Time),0.6580390899170198
Tue May 21 2024 22:15:00 GMT+0200 (Central European Summer Time),0.6598761842698271
Tue May 21 2024 22:16:00 GMT+0200 (Central European Summer Time),0.6527378104430681
Tue May 21 2024 22:17:00 GMT+0200 (Central European Summer Time),0.6671479713177481
Tue May 21 2024 22:18:00 GMT+0200 (Central European Summer Time),0.6512979603638996
Tue May 21 2024 22:19:00 GMT+0200 (Central European Summer Time),0.6888186804428793
Tue May 21 2024 22:20:00 GMT+0200 (Central European Summer Time),0.7076515477857962
Tue May 21 2024 22:21:00 GMT+0200 (Central European Summer Time),0.6750474731023739
Tue May 21 2024 22:22:00 GMT+0200 (Central European Summer Time),0.6688461983993572
Tue May 21 2024 22:23:00 GMT+0200 (Central European Summer Time),0.6725995524895249
Tue May 21 2024 22:24:00 GMT+0200 (Central European Summer Time),0.6731652859550498
Tue May 21 2024 22:25:00 GMT+0200 (Central European Summer Time),0.6886312159981571
Tue May 21 2024 22:26:00 GMT+0200 (Central European Summer Time),0.6794601381725746
Tue May 21 2024 22:27:00 GMT+0200 (Central European Summer Time),0.6749578514265825
Tue May 21 2024 22:28:00 GMT+0200 (Central European Summer Time),0.6799560422420048
Tue May 21 2024 22:29:00 GMT+0200 (Central European Summer Time),0.6784105381820155
Tue May 21 2024 22:30:00 GMT+0200 (Central European Summer Time),0.6874205334891486
Tue May 21 2024 22:31:00 GMT+0200 (Central European Summer Time),0.6786247639180449
Tue May 21 2024 22:32:00 GMT+0200 (Central European Summer Time),0.6586786897017495
Tue May 21 2024 22:33:00 GMT+0200 (Central European Summer Time),0.6998739280390206
Tue May 21 2024 22:34:00 GMT+0200 (Central European Summer Time),0.36515267309274957
Tue May 21 2024 22:35:00 GMT+0200 (Central European Summer Time),0.26723423958213366
Tue May 21 2024 22:36:00 GMT+0200 (Central European Summer Time),0.7072732177416886
Tue May 21 2024 22:37:00 GMT+0200 (Central European Summer Time),0.9213069853299506
Tue May 21 2024 22:38:00 GMT+0200 (Central European Summer Time),0.9138124307398356
Tue May 21 2024 22:39:00 GMT+0200 (Central European Summer Time),0.916595832279836
Tue May 21 2024 22:40:00 GMT+0200 (Central European Summer Time),0.9060777807274462
Tue May 21 2024 22:41:00 GMT+0200 (Central European Summer Time),0.7879462723140932
Tue May 21 2024 22:42:00 GMT+0200 (Central European Summer Time),0.6898094027436552
Tue May 21 2024 22:43:00 GMT+0200 (Central European Summer Time),0.6921268571224876
Tue May 21 2024 22:44:00 GMT+0200 (Central European Summer Time),0.7016755572479876
Tue May 21 2024 22:45:00 GMT+0200 (Central European Summer Time),0.6899214549346653
Tue May 21 2024 22:46:00 GMT+0200 (Central European Summer Time),0.6860651063201961
Tue May 21 2024 22:47:00 GMT+0200 (Central European Summer Time),0.7260765543491289
Tue May 21 2024 22:48:00 GMT+0200 (Central European Summer Time),0.7149320964678433
Tue May 21 2024 22:49:00 GMT+0200 (Central European Summer Time),0.6968591645478227
Tue May 21 2024 22:50:00 GMT+0200 (Central European Summer Time),0.6999351683194921
Tue May 21 2024 22:51:00 GMT+0200 (Central European Summer Time),0.7055667107981813
Tue May 21 2024 22:52:00 GMT+0200 (Central European Summer Time),0.7045181742737138
Tue May 21 2024 22:53:00 GMT+0200 (Central European Summer Time),0.6930997407271813
Tue May 21 2024 22:54:00 GMT+0200 (Central European Summer Time),0.7028888819997519
Tue May 21 2024 22:55:00 GMT+0200 (Central European Summer Time),0.7035867970295536
Tue May 21 2024 22:56:00 GMT+0200 (Central European Summer Time),0.7003058931928838
Tue May 21 2024 22:57:00 GMT+0200 (Central European Summer Time),0.710672830316859
Tue May 21 2024 22:58:00 GMT+0200 (Central European Summer Time),0.7085017548423215
Tue May 21 2024 22:59:00 GMT+0200 (Central European Summer Time),0.7057285422160021
Tue May 21 2024 23:00:00 GMT+0200 (Central European Summer Time),0.7012417062955137
Tue May 21 2024 23:01:00 GMT+0200 (Central European Summer Time),0.7258811352323997
Tue May 21 2024 23:02:00 GMT+0200 (Central European Summer Time),0.7223962654263838
Tue May 21 2024 23:03:00 GMT+0200 (Central European Summer Time),0.7081513172776491
Tue May 21 2024 23:04:00 GMT+0200 (Central European Summer Time),0.7226562241013804
Tue May 21 2024 23:05:00 GMT+0200 (Central European Summer Time),0.7148432063430543
Tue May 21 2024 23:06:00 GMT+0200 (Central European Summer Time),0.7015520773413906
Tue May 21 2024 23:07:00 GMT+0200 (Central European Summer Time),0.7190373989245927
Tue May 21 2024 23:08:00 GMT+0200 (Central European Summer Time),0.7125673043920263
Tue May 21 2024 23:09:00 GMT+0200 (Central European Summer Time),0.8253143758068897
Tue May 21 2024 23:10:00 GMT+0200 (Central European Summer Time),0.9075032367111513
Tue May 21 2024 23:11:00 GMT+0200 (Central European Summer Time),0.9104657908441671
Tue May 21 2024 23:12:00 GMT+0200 (Central European Summer Time),0.9120839481378122
Tue May 21 2024 23:13:00 GMT+0200 (Central European Summer Time),0.8279196693050229
Tue May 21 2024 23:14:00 GMT+0200 (Central European Summer Time),0.748924406593475
Tue May 21 2024 23:15:00 GMT+0200 (Central European Summer Time),0.7152355755065704
Tue May 21 2024 23:16:00 GMT+0200 (Central European Summer Time),0.8329627804983829
Tue May 21 2024 23:17:00 GMT+0200 (Central European Summer Time),0.9116238312619013
Tue May 21 2024 23:18:00 GMT+0200 (Central European Summer Time),0.912967066644948
Tue May 21 2024 23:19:00 GMT+0200 (Central European Summer Time),0.9133648306008885
Tue May 21 2024 23:20:00 GMT+0200 (Central European Summer Time),0.9120345035210752
Tue May 21 2024 23:21:00 GMT+0200 (Central European Summer Time),0.914247691778049
Tue May 21 2024 23:22:00 GMT+0200 (Central European Summer Time),0.9104334970187362
Tue May 21 2024 23:23:00 GMT+0200 (Central European Summer Time),0.9089107516880782
Tue May 21 2024 23:24:00 GMT+0200 (Central European Summer Time),0.8957351233824739
Tue May 21 2024 23:25:00 GMT+0200 (Central European Summer Time),0.9034582673106949
Tue May 21 2024 23:26:00 GMT+0200 (Central European Summer Time),0.9125035216758988
Tue May 21 2024 23:27:00 GMT+0200 (Central European Summer Time),0.911751292383633
Tue May 21 2024 23:28:00 GMT+0200 (Central European Summer Time),0.9106493952868429
Tue May 21 2024 23:29:00 GMT+0200 (Central European Summer Time),0.9077620372804328
Tue May 21 2024 23:30:00 GMT+0200 (Central European Summer Time),0.9095401320175369
Tue May 21 2024 23:31:00 GMT+0200 (Central European Summer Time),0.9152667989103671
Tue May 21 2024 23:32:00 GMT+0200 (Central European Summer Time),0.9155264938536978
Tue May 21 2024 23:33:00 GMT+0200 (Central European Summer Time),0.9115117863425742
Tue May 21 2024 23:34:00 GMT+0200 (Central European Summer Time),0.9136569505454948
Tue May 21 2024 23:35:00 GMT+0200 (Central European Summer Time),0.8998245957715577
Tue May 21 2024 23:36:00 GMT+0200 (Central European Summer Time),0.9057673933913368
Tue May 21 2024 23:37:00 GMT+0200 (Central European Summer Time),0.9114001335789604
Tue May 21 2024 23:38:00 GMT+0200 (Central European Summer Time),0.9056981161815202
Tue May 21 2024 23:39:00 GMT+0200 (Central European Summer Time),0.9087068425955295
Tue May 21 2024 23:40:00 GMT+0200 (Central European Summer Time),0.9102083541912482
Tue May 21 2024 23:41:00 GMT+0200 (Central European Summer Time),0.9109014518156376
Tue May 21 2024 23:42:00 GMT+0200 (Central European Summer Time),0.9082824611507627
Tue May 21 2024 23:43:00 GMT+0200 (Central European Summer Time),0.9066044418563252
Tue May 21 2024 23:44:00 GMT+0200 (Central European Summer Time),0.9088103064933724
Tue May 21 2024 23:45:00 GMT+0200 (Central European Summer Time),0.9124119916798614
Tue May 21 2024 23:46:00 GMT+0200 (Central European Summer Time),0.9135350324198347
Tue May 21 2024 23:47:00 GMT+0200 (Central European Summer Time),0.8974307792391604
Tue May 21 2024 23:48:00 GMT+0200 (Central European Summer Time),0.9033097343796422
Tue May 21 2024 23:49:00 GMT+0200 (Central European Summer Time),0.9133446654824486
Tue May 21 2024 23:50:00 GMT+0200 (Central European Summer Time),0.907583244823824
Tue May 21 2024 23:51:00 GMT+0200 (Central European Summer Time),0.9102311554886909
Tue May 21 2024 23:52:00 GMT+0200 (Central European Summer Time),0.9085714241936027
Tue May 21 2024 23:53:00 GMT+0200 (Central European Summer Time),0.9094099092747152
Tue May 21 2024 23:54:00 GMT+0200 (Central European Summer Time),0.9137262793299669
Tue May 21 2024 23:55:00 GMT+0200 (Central European Summer Time),0.9117921641264426
Tue May 21 2024 23:56:00 GMT+0200 (Central European Summer Time),0.9125829226339192
Tue May 21 2024 23:57:00 GMT+0200 (Central European Summer Time),0.915149440659843
Tue May 21 2024 23:58:00 GMT+0200 (Central European Summer Time),0.9142227638913634
Tue May 21 2024 23:59:00 GMT+0200 (Central European Summer Time),0.6841224188067523
Wed May 22 2024 00:00:00 GMT+0200 (Central European Summer Time),0.2248727247078932
Wed May 22 2024 00:01:00 GMT+0200 (Central European Summer Time),0.025784777910363724
Wed May 22 2024 00:02:00 GMT+0200 (Central European Summer Time),0.026357757647565448
Wed May 22 2024 00:03:00 GMT+0200 (Central European Summer Time),0.02716357693965013
Wed May 22 2024 00:04:00 GMT+0200 (Central European Summer Time),0.02746581812468018
Wed May 22 2024 00:05:00 GMT+0200 (Central European Summer Time),0.027539594775710913
Wed May 22 2024 00:06:00 GMT+0200 (Central European Summer Time),0.0259116312120265
Wed May 22 2024 00:07:00 GMT+0200 (Central European Summer Time),0.026392081432641133
Wed May 22 2024 00:08:00 GMT+0200 (Central European Summer Time),0.028967717800393682
Wed May 22 2024 00:09:00 GMT+0200 (Central European Summer Time),0.026489186411527043
Wed May 22 2024 00:10:00 GMT+0200 (Central European Summer Time),0.026235901320372554
Wed May 22 2024 00:11:00 GMT+0200 (Central European Summer Time),0.027073358074388428
Wed May 22 2024 00:12:00 GMT+0200 (Central European Summer Time),0.023099076244337387
Wed May 22 2024 00:13:00 GMT+0200 (Central European Summer Time),0.02509432213337277
Wed May 22 2024 00:14:00 GMT+0200 (Central European Summer Time),0.028772994329665378
Wed May 22 2024 00:15:00 GMT+0200 (Central European Summer Time),0.026828378073150815
Wed May 22 2024 00:16:00 GMT+0200 (Central European Summer Time),0.027016684042367463
Wed May 22 2024 00:17:00 GMT+0200 (Central European Summer Time),0.02797700242014495
Wed May 22 2024 00:18:00 GMT+0200 (Central European Summer Time),0.028463150461175247
Wed May 22 2024 00:19:00 GMT+0200 (Central European Summer Time),0.02947468415525994
Wed May 22 2024 00:20:00 GMT+0200 (Central European Summer Time),0.028403133971551142
Wed May 22 2024 00:21:00 GMT+0200 (Central European Summer Time),0.025925879618201482
Wed May 22 2024 00:22:00 GMT+0200 (Central European Summer Time),0.026345699781631992
Wed May 22 2024 00:23:00 GMT+0200 (Central European Summer Time),0.027510301603191085
Wed May 22 2024 00:24:00 GMT+0200 (Central European Summer Time),0.025871431878173704
Wed May 22 2024 00:25:00 GMT+0200 (Central European Summer Time),0.028862185591909412
Wed May 22 2024 00:26:00 GMT+0200 (Central European Summer Time),0.029033734994360808
Wed May 22 2024 00:27:00 GMT+0200 (Central European Summer Time),0.02604286922214669
Wed May 22 2024 00:28:00 GMT+0200 (Central European Summer Time),0.03380594630210301
Wed May 22 2024 00:29:00 GMT+0200 (Central European Summer Time),0.0374432676714908
Wed May 22 2024 00:30:00 GMT+0200 (Central European Summer Time),0.034899572988130484
Wed May 22 2024 00:31:00 GMT+0200 (Central European Summer Time),0.1779228191443811
Wed May 22 2024 00:32:00 GMT+0200 (Central European Summer Time),0.6821310075240035
Wed May 22 2024 00:33:00 GMT+0200 (Central European Summer Time),0.9264600417844728
Wed May 22 2024 00:34:00 GMT+0200 (Central European Summer Time),0.5616701926000436
Wed May 22 2024 00:35:00 GMT+0200 (Central European Summer Time),0.705184618421966
Wed May 22 2024 00:36:00 GMT+0200 (Central European Summer Time),0.9229106797877952
Wed May 22 2024 00:37:00 GMT+0200 (Central European Summer Time),0.9087747986724328
Wed May 22 2024 00:38:00 GMT+0200 (Central European Summer Time),0.45013050836593416
Wed May 22 2024 00:39:00 GMT+0200 (Central European Summer Time),0.07870378613521704
Wed May 22 2024 00:40:00 GMT+0200 (Central European Summer Time),0.029131632998360146
Wed May 22 2024 00:41:00 GMT+0200 (Central European Summer Time),0.030980641001709348
Wed May 22 2024 00:42:00 GMT+0200 (Central European Summer Time),0.03290516564272063
Wed May 22 2024 00:43:00 GMT+0200 (Central European Summer Time),0.031702112299353755