TimeSeries ID,instance/network/sent_bytes_count.gce_instance.ALIGN_RATE.REDUCE_SUM.metric.type="compute.googleapis.com/instance/network/sent_bytes_count" resource.type="gce_instance" resource.labels."instance_id"="8560514575930684513" resource.labels."zone"="europe-central2-c" AND resource.labels."project_id"="ddls-aria-darmanger".60s.project_id:ddls-aria-darmanger.instance_name:instance-20240520-150404
instance_name,instance-20240520-150404
project_id,ddls-aria-darmanger
Tue May 21 2024 14:39:00 GMT+0200 (Central European Summer Time),635.2833333333333
Tue May 21 2024 14:40:00 GMT+0200 (Central European Summer Time),349.68333333333334
Tue May 21 2024 14:41:00 GMT+0200 (Central European Summer Time),304.15
Tue May 21 2024 14:42:00 GMT+0200 (Central European Summer Time),409.7
Tue May 21 2024 14:43:00 GMT+0200 (Central European Summer Time),16876.933333333334
Tue May 21 2024 14:44:00 GMT+0200 (Central European Summer Time),37654.316666666666
Tue May 21 2024 14:45:00 GMT+0200 (Central European Summer Time),25105.083333333332
Tue May 21 2024 14:46:00 GMT+0200 (Central European Summer Time),36443.4
Tue May 21 2024 14:47:00 GMT+0200 (Central European Summer Time),12016.5
Tue May 21 2024 14:48:00 GMT+0200 (Central European Summer Time),5013.483333333334
Tue May 21 2024 14:49:00 GMT+0200 (Central European Summer Time),2606.866666666667
Tue May 21 2024 14:50:00 GMT+0200 (Central European Summer Time),3112.6666666666665
Tue May 21 2024 14:51:00 GMT+0200 (Central European Summer Time),951.6666666666666
Tue May 21 2024 14:52:00 GMT+0200 (Central European Summer Time),1502.1166666666666
Tue May 21 2024 14:53:00 GMT+0200 (Central European Summer Time),2060.35
Tue May 21 2024 14:54:00 GMT+0200 (Central European Summer Time),2494.116666666667
Tue May 21 2024 14:55:00 GMT+0200 (Central European Summer Time),1864.9833333333333
Tue May 21 2024 14:56:00 GMT+0200 (Central European Summer Time),6022.866666666667
Tue May 21 2024 14:57:00 GMT+0200 (Central European Summer Time),1890.5333333333333
Tue May 21 2024 14:58:00 GMT+0200 (Central European Summer Time),1841.65
Tue May 21 2024 14:59:00 GMT+0200 (Central European Summer Time),1678.85
Tue May 21 2024 15:00:00 GMT+0200 (Central European Summer Time),1703.45
Tue May 21 2024 15:01:00 GMT+0200 (Central European Summer Time),773.35
Tue May 21 2024 15:02:00 GMT+0200 (Central European Summer Time),2951.6833333333334
Tue May 21 2024 15:03:00 GMT+0200 (Central European Summer Time),2501.633333333333
Tue May 21 2024 15:04:00 GMT+0200 (Central European Summer Time),1847.7333333333333
Tue May 21 2024 15:05:00 GMT+0200 (Central European Summer Time),2633.366666666667
Tue May 21 2024 15:06:00 GMT+0200 (Central European Summer Time),2202.75
Tue May 21 2024 15:07:00 GMT+0200 (Central European Summer Time),2462.75
Tue May 21 2024 15:08:00 GMT+0200 (Central European Summer Time),2370.75
Tue May 21 2024 15:09:00 GMT+0200 (Central European Summer Time),2112.15
Tue May 21 2024 15:10:00 GMT+0200 (Central European Summer Time),1499.7333333333333
Tue May 21 2024 15:11:00 GMT+0200 (Central European Summer Time),2598.65
Tue May 21 2024 15:12:00 GMT+0200 (Central European Summer Time),1688.3666666666666
Tue May 21 2024 15:13:00 GMT+0200 (Central European Summer Time),2305.75
Tue May 21 2024 15:14:00 GMT+0200 (Central European Summer Time),3972.4666666666667
Tue May 21 2024 15:15:00 GMT+0200 (Central European Summer Time),1352.6
Tue May 21 2024 15:16:00 GMT+0200 (Central European Summer Time),1065.05
Tue May 21 2024 15:17:00 GMT+0200 (Central European Summer Time),1731.3666666666666
Tue May 21 2024 15:18:00 GMT+0200 (Central European Summer Time),1834.75
Tue May 21 2024 15:19:00 GMT+0200 (Central European Summer Time),779.6666666666666
Tue May 21 2024 15:20:00 GMT+0200 (Central European Summer Time),1651.8166666666666
Tue May 21 2024 15:21:00 GMT+0200 (Central European Summer Time),2309.116666666667
Tue May 21 2024 15:22:00 GMT+0200 (Central European Summer Time),1315.2166666666667
Tue May 21 2024 15:23:00 GMT+0200 (Central European Summer Time),1639.7
Tue May 21 2024 15:24:00 GMT+0200 (Central European Summer Time),1145.5166666666667
Tue May 21 2024 15:25:00 GMT+0200 (Central European Summer Time),2044.2333333333333
Tue May 21 2024 15:26:00 GMT+0200 (Central European Summer Time),1671.3166666666666
Tue May 21 2024 15:27:00 GMT+0200 (Central European Summer Time),1823.0333333333333
Tue May 21 2024 15:28:00 GMT+0200 (Central European Summer Time),2219.3
Tue May 21 2024 15:29:00 GMT+0200 (Central European Summer Time),2470.3166666666666
Tue May 21 2024 15:30:00 GMT+0200 (Central European Summer Time),1586.4
Tue May 21 2024 15:31:00 GMT+0200 (Central European Summer Time),504.46666666666664
Tue May 21 2024 15:32:00 GMT+0200 (Central European Summer Time),776.55
Tue May 21 2024 15:33:00 GMT+0200 (Central European Summer Time),961.35
Tue May 21 2024 15:34:00 GMT+0200 (Central European Summer Time),1001.5333333333333
Tue May 21 2024 15:35:00 GMT+0200 (Central European Summer Time),799.4333333333333
Tue May 21 2024 15:36:00 GMT+0200 (Central European Summer Time),2255.55
Tue May 21 2024 15:37:00 GMT+0200 (Central European Summer Time),2670.3166666666666
Tue May 21 2024 15:38:00 GMT+0200 (Central European Summer Time),1231.7166666666667
Tue May 21 2024 15:39:00 GMT+0200 (Central European Summer Time),1849.8333333333333
Tue May 21 2024 15:40:00 GMT+0200 (Central European Summer Time),627.0166666666667
Tue May 21 2024 15:41:00 GMT+0200 (Central European Summer Time),1331.3833333333334
Tue May 21 2024 15:42:00 GMT+0200 (Central European Summer Time),5054.266666666666
Tue May 21 2024 15:43:00 GMT+0200 (Central European Summer Time),51362.416666666664
Tue May 21 2024 15:44:00 GMT+0200 (Central European Summer Time),13707.65
Tue May 21 2024 15:45:00 GMT+0200 (Central European Summer Time),3745.1666666666665
Tue May 21 2024 15:46:00 GMT+0200 (Central European Summer Time),2182.633333333333
Tue May 21 2024 15:47:00 GMT+0200 (Central European Summer Time),1708.15
Tue May 21 2024 15:48:00 GMT+0200 (Central European Summer Time),4208.333333333333
Tue May 21 2024 15:49:00 GMT+0200 (Central European Summer Time),3588.1
Tue May 21 2024 15:50:00 GMT+0200 (Central European Summer Time),3835.0333333333333
Tue May 21 2024 15:51:00 GMT+0200 (Central European Summer Time),2188.733333333333
Tue May 21 2024 15:52:00 GMT+0200 (Central European Summer Time),1566.9333333333334
Tue May 21 2024 15:53:00 GMT+0200 (Central European Summer Time),1491.3166666666666
Tue May 21 2024 15:54:00 GMT+0200 (Central European Summer Time),4126.7
Tue May 21 2024 15:55:00 GMT+0200 (Central European Summer Time),4473.916666666667
Tue May 21 2024 15:56:00 GMT+0200 (Central European Summer Time),4450.75
Tue May 21 2024 15:57:00 GMT+0200 (Central European Summer Time),3048.616666666667
Tue May 21 2024 15:58:00 GMT+0200 (Central European Summer Time),1055.5333333333333
Tue May 21 2024 15:59:00 GMT+0200 (Central European Summer Time),396.1333333333333
Tue May 21 2024 16:00:00 GMT+0200 (Central European Summer Time),1373.6166666666666
Tue May 21 2024 16:01:00 GMT+0200 (Central European Summer Time),1611.4833333333333
Tue May 21 2024 16:02:00 GMT+0200 (Central European Summer Time),2433.45
Tue May 21 2024 16:03:00 GMT+0200 (Central European Summer Time),1430.7
Tue May 21 2024 16:04:00 GMT+0200 (Central European Summer Time),521.3166666666667
Tue May 21 2024 16:05:00 GMT+0200 (Central European Summer Time),50327.76666666667
Tue May 21 2024 16:06:00 GMT+0200 (Central European Summer Time),12863.083333333334
Tue May 21 2024 16:07:00 GMT+0200 (Central European Summer Time),2311.9166666666665
Tue May 21 2024 16:08:00 GMT+0200 (Central European Summer Time),14630.466666666667
Tue May 21 2024 16:09:00 GMT+0200 (Central European Summer Time),5596.116666666667
Tue May 21 2024 16:10:00 GMT+0200 (Central European Summer Time),4056.55
Tue May 21 2024 16:11:00 GMT+0200 (Central European Summer Time),3909.7166666666667
Tue May 21 2024 16:12:00 GMT+0200 (Central European Summer Time),2638.3166666666666
Tue May 21 2024 16:13:00 GMT+0200 (Central European Summer Time),2089.233333333333
Tue May 21 2024 16:14:00 GMT+0200 (Central European Summer Time),1844.3666666666666
Tue May 21 2024 16:15:00 GMT+0200 (Central European Summer Time),1755.8166666666666
Tue May 21 2024 16:16:00 GMT+0200 (Central European Summer Time),1702.7666666666667
Tue May 21 2024 16:17:00 GMT+0200 (Central European Summer Time),1689.1
Tue May 21 2024 16:18:00 GMT+0200 (Central European Summer Time),1514.95
Tue May 21 2024 16:19:00 GMT+0200 (Central European Summer Time),1428.65
Tue May 21 2024 16:20:00 GMT+0200 (Central European Summer Time),1426.2166666666667
Tue May 21 2024 16:21:00 GMT+0200 (Central European Summer Time),1406.9
Tue May 21 2024 16:22:00 GMT+0200 (Central European Summer Time),1308.2
Tue May 21 2024 16:23:00 GMT+0200 (Central European Summer Time),1360.1
Tue May 21 2024 16:24:00 GMT+0200 (Central European Summer Time),1324.8666666666666
Tue May 21 2024 16:25:00 GMT+0200 (Central European Summer Time),2252.483333333333
Tue May 21 2024 16:26:00 GMT+0200 (Central European Summer Time),2239.45
Tue May 21 2024 16:27:00 GMT+0200 (Central European Summer Time),2090.95
Tue May 21 2024 16:28:00 GMT+0200 (Central European Summer Time),2155.45
Tue May 21 2024 16:29:00 GMT+0200 (Central European Summer Time),2117.2833333333333
Tue May 21 2024 16:30:00 GMT+0200 (Central European Summer Time),1987.3
Tue May 21 2024 16:31:00 GMT+0200 (Central European Summer Time),2077.75
Tue May 21 2024 16:32:00 GMT+0200 (Central European Summer Time),2018.7833333333333
Tue May 21 2024 16:33:00 GMT+0200 (Central European Summer Time),1978.7166666666667
Tue May 21 2024 16:34:00 GMT+0200 (Central European Summer Time),1953.2166666666667
Tue May 21 2024 16:35:00 GMT+0200 (Central European Summer Time),1741.5333333333333
Tue May 21 2024 16:36:00 GMT+0200 (Central European Summer Time),1452.7166666666667
Tue May 21 2024 16:37:00 GMT+0200 (Central European Summer Time),1201.8333333333333
Tue May 21 2024 16:38:00 GMT+0200 (Central European Summer Time),1170.1
Tue May 21 2024 16:39:00 GMT+0200 (Central European Summer Time),1165.0166666666667
Tue May 21 2024 16:40:00 GMT+0200 (Central European Summer Time),1170.5833333333333
Tue May 21 2024 16:41:00 GMT+0200 (Central European Summer Time),1187.9166666666667
Tue May 21 2024 16:42:00 GMT+0200 (Central European Summer Time),1133.15
Tue May 21 2024 16:43:00 GMT+0200 (Central European Summer Time),1541.7833333333333
Tue May 21 2024 16:44:00 GMT+0200 (Central European Summer Time),1229.25
Tue May 21 2024 16:45:00 GMT+0200 (Central European Summer Time),1129.9166666666667
Tue May 21 2024 16:46:00 GMT+0200 (Central European Summer Time),998.8666666666667
Tue May 21 2024 16:47:00 GMT+0200 (Central European Summer Time),1116.0333333333333
Tue May 21 2024 16:48:00 GMT+0200 (Central European Summer Time),1078.8833333333334
Tue May 21 2024 16:49:00 GMT+0200 (Central European Summer Time),1116.2
Tue May 21 2024 16:50:00 GMT+0200 (Central European Summer Time),1092.2166666666667
Tue May 21 2024 16:51:00 GMT+0200 (Central European Summer Time),1095.75
Tue May 21 2024 16:52:00 GMT+0200 (Central European Summer Time),1052.3166666666666
Tue May 21 2024 16:53:00 GMT+0200 (Central European Summer Time),1104.4166666666667
Tue May 21 2024 16:54:00 GMT+0200 (Central European Summer Time),1092.1833333333334
Tue May 21 2024 16:55:00 GMT+0200 (Central European Summer Time),1483.0666666666666
Tue May 21 2024 16:56:00 GMT+0200 (Central European Summer Time),2099.7166666666667
Tue May 21 2024 16:57:00 GMT+0200 (Central European Summer Time),1204.45
Tue May 21 2024 16:58:00 GMT+0200 (Central European Summer Time),1062.7166666666667
Tue May 21 2024 16:59:00 GMT+0200 (Central European Summer Time),1038.3333333333333
Tue May 21 2024 17:00:00 GMT+0200 (Central European Summer Time),1055.3
Tue May 21 2024 17:01:00 GMT+0200 (Central European Summer Time),1026.25
Tue May 21 2024 17:02:00 GMT+0200 (Central European Summer Time),1042.3666666666666
Tue May 21 2024 17:03:00 GMT+0200 (Central European Summer Time),1050.3166666666666
Tue May 21 2024 17:04:00 GMT+0200 (Central European Summer Time),1008.7666666666667
Tue May 21 2024 17:05:00 GMT+0200 (Central European Summer Time),1766.6833333333334
Tue May 21 2024 17:06:00 GMT+0200 (Central European Summer Time),1497.4
Tue May 21 2024 17:07:00 GMT+0200 (Central European Summer Time),1278.9166666666667
Tue May 21 2024 17:08:00 GMT+0200 (Central European Summer Time),956.35
Tue May 21 2024 17:09:00 GMT+0200 (Central European Summer Time),1013.45
Tue May 21 2024 17:10:00 GMT+0200 (Central European Summer Time),1012.25
Tue May 21 2024 17:11:00 GMT+0200 (Central European Summer Time),1014.45
Tue May 21 2024 17:12:00 GMT+0200 (Central European Summer Time),994.0833333333334
Tue May 21 2024 17:13:00 GMT+0200 (Central European Summer Time),1010.3333333333334
Tue May 21 2024 17:14:00 GMT+0200 (Central European Summer Time),1422.1833333333334
Tue May 21 2024 17:15:00 GMT+0200 (Central European Summer Time),1565.9833333333333
Tue May 21 2024 17:16:00 GMT+0200 (Central European Summer Time),1603.5666666666666
Tue May 21 2024 17:17:00 GMT+0200 (Central European Summer Time),1686.3
Tue May 21 2024 17:18:00 GMT+0200 (Central European Summer Time),1613.6833333333334
Tue May 21 2024 17:19:00 GMT+0200 (Central European Summer Time),1546
Tue May 21 2024 17:20:00 GMT+0200 (Central European Summer Time),1531.4666666666667
Tue May 21 2024 17:21:00 GMT+0200 (Central European Summer Time),1559.3833333333334
Tue May 21 2024 17:22:00 GMT+0200 (Central European Summer Time),1795.95
Tue May 21 2024 17:23:00 GMT+0200 (Central European Summer Time),1279.9833333333333
Tue May 21 2024 17:24:00 GMT+0200 (Central European Summer Time),1036.3166666666666
Tue May 21 2024 17:25:00 GMT+0200 (Central European Summer Time),965.0833333333334
Tue May 21 2024 17:26:00 GMT+0200 (Central European Summer Time),964.1833333333333
Tue May 21 2024 17:27:00 GMT+0200 (Central European Summer Time),988.3166666666667
Tue May 21 2024 17:28:00 GMT+0200 (Central European Summer Time),1445.3
Tue May 21 2024 17:29:00 GMT+0200 (Central European Summer Time),1518.4
Tue May 21 2024 17:30:00 GMT+0200 (Central European Summer Time),1561.7333333333333
Tue May 21 2024 17:31:00 GMT+0200 (Central European Summer Time),1559.3
Tue May 21 2024 17:32:00 GMT+0200 (Central European Summer Time),1908.0833333333333
Tue May 21 2024 17:33:00 GMT+0200 (Central European Summer Time),1499.2
Tue May 21 2024 17:34:00 GMT+0200 (Central European Summer Time),1220.8
Tue May 21 2024 17:35:00 GMT+0200 (Central European Summer Time),970.0833333333334
Tue May 21 2024 17:36:00 GMT+0200 (Central European Summer Time),971.5
Tue May 21 2024 17:37:00 GMT+0200 (Central European Summer Time),958.3
Tue May 21 2024 17:38:00 GMT+0200 (Central European Summer Time),932.9
Tue May 21 2024 17:39:00 GMT+0200 (Central European Summer Time),967.6833333333333
Tue May 21 2024 17:40:00 GMT+0200 (Central European Summer Time),982.15
Tue May 21 2024 17:41:00 GMT+0200 (Central European Summer Time),928.6333333333333
Tue May 21 2024 17:42:00 GMT+0200 (Central European Summer Time),898.1666666666666
Tue May 21 2024 17:43:00 GMT+0200 (Central European Summer Time),907.1
Tue May 21 2024 17:44:00 GMT+0200 (Central European Summer Time),931.55
Tue May 21 2024 17:45:00 GMT+0200 (Central European Summer Time),936.35
Tue May 21 2024 17:46:00 GMT+0200 (Central European Summer Time),955.2666666666667
Tue May 21 2024 17:47:00 GMT+0200 (Central European Summer Time),942
Tue May 21 2024 17:48:00 GMT+0200 (Central European Summer Time),925.3333333333334
Tue May 21 2024 17:49:00 GMT+0200 (Central European Summer Time),943.7833333333333
Tue May 21 2024 17:50:00 GMT+0200 (Central European Summer Time),925.2166666666667
Tue May 21 2024 17:51:00 GMT+0200 (Central European Summer Time),927.6166666666667
Tue May 21 2024 17:52:00 GMT+0200 (Central European Summer Time),940.2666666666667
Tue May 21 2024 17:53:00 GMT+0200 (Central European Summer Time),1953.35
Tue May 21 2024 17:54:00 GMT+0200 (Central European Summer Time),1479.7833333333333
Tue May 21 2024 17:55:00 GMT+0200 (Central European Summer Time),1442.8
Tue May 21 2024 17:56:00 GMT+0200 (Central European Summer Time),1356.8166666666666
Tue May 21 2024 17:57:00 GMT+0200 (Central European Summer Time),1207.1
Tue May 21 2024 17:58:00 GMT+0200 (Central European Summer Time),1325.85
Tue May 21 2024 17:59:00 GMT+0200 (Central European Summer Time),1183.4
Tue May 21 2024 18:00:00 GMT+0200 (Central European Summer Time),1901.65
Tue May 21 2024 18:01:00 GMT+0200 (Central European Summer Time),1616.2833333333333
Tue May 21 2024 18:02:00 GMT+0200 (Central European Summer Time),1178.65
Tue May 21 2024 18:03:00 GMT+0200 (Central European Summer Time),971.6333333333333
Tue May 21 2024 18:04:00 GMT+0200 (Central European Summer Time),915.7166666666667
Tue May 21 2024 18:05:00 GMT+0200 (Central European Summer Time),909.0666666666667
Tue May 21 2024 18:06:00 GMT+0200 (Central European Summer Time),834.1833333333333
Tue May 21 2024 18:07:00 GMT+0200 (Central European Summer Time),917.6
Tue May 21 2024 18:08:00 GMT+0200 (Central European Summer Time),974.7166666666667
Tue May 21 2024 18:09:00 GMT+0200 (Central European Summer Time),935.5833333333334
Tue May 21 2024 18:10:00 GMT+0200 (Central European Summer Time),909.3833333333333
Tue May 21 2024 18:11:00 GMT+0200 (Central European Summer Time),913.0666666666667
Tue May 21 2024 18:12:00 GMT+0200 (Central European Summer Time),1277.95
Tue May 21 2024 18:13:00 GMT+0200 (Central European Summer Time),1274.0833333333333
Tue May 21 2024 18:14:00 GMT+0200 (Central European Summer Time),1155.4166666666667
Tue May 21 2024 18:15:00 GMT+0200 (Central European Summer Time),944.8166666666667
Tue May 21 2024 18:16:00 GMT+0200 (Central European Summer Time),902.7
Tue May 21 2024 18:17:00 GMT+0200 (Central European Summer Time),865.4666666666667
Tue May 21 2024 18:18:00 GMT+0200 (Central European Summer Time),818.45
Tue May 21 2024 18:19:00 GMT+0200 (Central European Summer Time),871.2
Tue May 21 2024 18:20:00 GMT+0200 (Central European Summer Time),883.7166666666667
Tue May 21 2024 18:21:00 GMT+0200 (Central European Summer Time),896.9333333333333
Tue May 21 2024 18:22:00 GMT+0200 (Central European Summer Time),911.15
Tue May 21 2024 18:23:00 GMT+0200 (Central European Summer Time),921.5166666666667
Tue May 21 2024 18:24:00 GMT+0200 (Central European Summer Time),938.4833333333333
Tue May 21 2024 18:25:00 GMT+0200 (Central European Summer Time),1947.2666666666667
Tue May 21 2024 18:26:00 GMT+0200 (Central European Summer Time),1291.15
Tue May 21 2024 18:27:00 GMT+0200 (Central European Summer Time),969.8166666666667
Tue May 21 2024 18:28:00 GMT+0200 (Central European Summer Time),821.3
Tue May 21 2024 18:29:00 GMT+0200 (Central European Summer Time),842.55
Tue May 21 2024 18:30:00 GMT+0200 (Central European Summer Time),907.9
Tue May 21 2024 18:31:00 GMT+0200 (Central European Summer Time),901.8
Tue May 21 2024 18:32:00 GMT+0200 (Central European Summer Time),899.1
Tue May 21 2024 18:33:00 GMT+0200 (Central European Summer Time),880
Tue May 21 2024 18:34:00 GMT+0200 (Central European Summer Time),1171.9833333333333
Tue May 21 2024 18:35:00 GMT+0200 (Central European Summer Time),1269.5
Tue May 21 2024 18:36:00 GMT+0200 (Central European Summer Time),1165.6333333333334
Tue May 21 2024 18:37:00 GMT+0200 (Central European Summer Time),908
Tue May 21 2024 18:38:00 GMT+0200 (Central European Summer Time),893.25
Tue May 21 2024 18:39:00 GMT+0200 (Central European Summer Time),788.6833333333333
Tue May 21 2024 18:40:00 GMT+0200 (Central European Summer Time),882.3833333333333
Tue May 21 2024 18:41:00 GMT+0200 (Central European Summer Time),870.0666666666667
Tue May 21 2024 18:42:00 GMT+0200 (Central European Summer Time),905.1333333333333
Tue May 21 2024 18:43:00 GMT+0200 (Central European Summer Time),894.2833333333333
Tue May 21 2024 18:44:00 GMT+0200 (Central European Summer Time),876.75
Tue May 21 2024 18:45:00 GMT+0200 (Central European Summer Time),896.3833333333333
Tue May 21 2024 18:46:00 GMT+0200 (Central European Summer Time),848.8166666666667
Tue May 21 2024 18:47:00 GMT+0200 (Central European Summer Time),872.5666666666667
Tue May 21 2024 18:48:00 GMT+0200 (Central European Summer Time),900.7
Tue May 21 2024 18:49:00 GMT+0200 (Central European Summer Time),1297.5
Tue May 21 2024 18:50:00 GMT+0200 (Central European Summer Time),1123.0833333333333
Tue May 21 2024 18:51:00 GMT+0200 (Central European Summer Time),931.3333333333334
Tue May 21 2024 18:52:00 GMT+0200 (Central European Summer Time),904.15
Tue May 21 2024 18:53:00 GMT+0200 (Central European Summer Time),883.6833333333333
Tue May 21 2024 18:54:00 GMT+0200 (Central European Summer Time),899.6
Tue May 21 2024 18:55:00 GMT+0200 (Central European Summer Time),843.0166666666667
Tue May 21 2024 18:56:00 GMT+0200 (Central European Summer Time),867.6166666666667
Tue May 21 2024 18:57:00 GMT+0200 (Central European Summer Time),878.6333333333333
Tue May 21 2024 18:58:00 GMT+0200 (Central European Summer Time),1299.0166666666667
Tue May 21 2024 18:59:00 GMT+0200 (Central European Summer Time),1128.9666666666667
Tue May 21 2024 19:00:00 GMT+0200 (Central European Summer Time),814.5333333333333
Tue May 21 2024 19:01:00 GMT+0200 (Central European Summer Time),863.85
Tue May 21 2024 19:02:00 GMT+0200 (Central European Summer Time),862.5666666666667
Tue May 21 2024 19:03:00 GMT+0200 (Central European Summer Time),876.5666666666667
Tue May 21 2024 19:04:00 GMT+0200 (Central European Summer Time),848.2666666666667
Tue May 21 2024 19:05:00 GMT+0200 (Central European Summer Time),872.7833333333333
Tue May 21 2024 19:06:00 GMT+0200 (Central European Summer Time),894.7
Tue May 21 2024 19:07:00 GMT+0200 (Central European Summer Time),867.1
Tue May 21 2024 19:08:00 GMT+0200 (Central European Summer Time),851.1
Tue May 21 2024 19:09:00 GMT+0200 (Central European Summer Time),883.1166666666667
Tue May 21 2024 19:10:00 GMT+0200 (Central European Summer Time),771.3
Tue May 21 2024 19:11:00 GMT+0200 (Central European Summer Time),851.7
Tue May 21 2024 19:12:00 GMT+0200 (Central European Summer Time),891.8833333333333
Tue May 21 2024 19:13:00 GMT+0200 (Central European Summer Time),841.5666666666667
Tue May 21 2024 19:14:00 GMT+0200 (Central European Summer Time),841.6833333333333
Tue May 21 2024 19:15:00 GMT+0200 (Central European Summer Time),878.3833333333333
Tue May 21 2024 19:16:00 GMT+0200 (Central European Summer Time),862.1333333333333
Tue May 21 2024 19:17:00 GMT+0200 (Central European Summer Time),862.8166666666667
Tue May 21 2024 19:18:00 GMT+0200 (Central European Summer Time),860.5166666666667
Tue May 21 2024 19:19:00 GMT+0200 (Central European Summer Time),853.2333333333333
Tue May 21 2024 19:20:00 GMT+0200 (Central European Summer Time),761.9666666666667
Tue May 21 2024 19:21:00 GMT+0200 (Central European Summer Time),862.1
Tue May 21 2024 19:22:00 GMT+0200 (Central European Summer Time),884.6833333333333
Tue May 21 2024 19:23:00 GMT+0200 (Central European Summer Time),843.95
Tue May 21 2024 19:24:00 GMT+0200 (Central European Summer Time),877
Tue May 21 2024 19:25:00 GMT+0200 (Central European Summer Time),854.35
Tue May 21 2024 19:26:00 GMT+0200 (Central European Summer Time),848.05
Tue May 21 2024 19:27:00 GMT+0200 (Central European Summer Time),887.8166666666667
Tue May 21 2024 19:28:00 GMT+0200 (Central European Summer Time),841.4
Tue May 21 2024 19:29:00 GMT+0200 (Central European Summer Time),884.25
Tue May 21 2024 19:30:00 GMT+0200 (Central European Summer Time),892.4166666666666
Tue May 21 2024 19:31:00 GMT+0200 (Central European Summer Time),790.4833333333333
Tue May 21 2024 19:32:00 GMT+0200 (Central European Summer Time),849.05
Tue May 21 2024 19:33:00 GMT+0200 (Central European Summer Time),878.65
Tue May 21 2024 19:34:00 GMT+0200 (Central European Summer Time),869.2166666666667
Tue May 21 2024 19:35:00 GMT+0200 (Central European Summer Time),862.8666666666667
Tue May 21 2024 19:36:00 GMT+0200 (Central European Summer Time),892.3333333333334
Tue May 21 2024 19:37:00 GMT+0200 (Central European Summer Time),868.0666666666667
Tue May 21 2024 19:38:00 GMT+0200 (Central European Summer Time),852
Tue May 21 2024 19:39:00 GMT+0200 (Central European Summer Time),880.9666666666667
Tue May 21 2024 19:40:00 GMT+0200 (Central European Summer Time),898.8666666666667
Tue May 21 2024 19:41:00 GMT+0200 (Central European Summer Time),770.3666666666667
Tue May 21 2024 19:42:00 GMT+0200 (Central European Summer Time),830.8166666666667
Tue May 21 2024 19:43:00 GMT+0200 (Central European Summer Time),854.3166666666667
Tue May 21 2024 19:44:00 GMT+0200 (Central European Summer Time),899.6166666666667
Tue May 21 2024 19:45:00 GMT+0200 (Central European Summer Time),890.1
Tue May 21 2024 19:46:00 GMT+0200 (Central European Summer Time),867.3666666666667
Tue May 21 2024 19:47:00 GMT+0200 (Central European Summer Time),831.9666666666667
Tue May 21 2024 19:48:00 GMT+0200 (Central European Summer Time),874.2833333333333
Tue May 21 2024 19:49:00 GMT+0200 (Central European Summer Time),858.0666666666667
Tue May 21 2024 19:50:00 GMT+0200 (Central European Summer Time),872.2333333333333
Tue May 21 2024 19:51:00 GMT+0200 (Central European Summer Time),876.8833333333333
Tue May 21 2024 19:52:00 GMT+0200 (Central European Summer Time),745.4166666666666
Tue May 21 2024 19:53:00 GMT+0200 (Central European Summer Time),1243.9
Tue May 21 2024 19:54:00 GMT+0200 (Central European Summer Time),1405.7
Tue May 21 2024 19:55:00 GMT+0200 (Central European Summer Time),939.7
Tue May 21 2024 19:56:00 GMT+0200 (Central European Summer Time),854.8
Tue May 21 2024 19:57:00 GMT+0200 (Central European Summer Time),880.05
Tue May 21 2024 19:58:00 GMT+0200 (Central European Summer Time),832.3666666666667
Tue May 21 2024 19:59:00 GMT+0200 (Central European Summer Time),855.1166666666667
Tue May 21 2024 20:00:00 GMT+0200 (Central European Summer Time),1699.4166666666667
Tue May 21 2024 20:01:00 GMT+0200 (Central European Summer Time),1215.9833333333333
Tue May 21 2024 20:02:00 GMT+0200 (Central European Summer Time),789.5833333333334
Tue May 21 2024 20:03:00 GMT+0200 (Central European Summer Time),850.3333333333334
Tue May 21 2024 20:04:00 GMT+0200 (Central European Summer Time),864.4333333333333
Tue May 21 2024 20:05:00 GMT+0200 (Central European Summer Time),871.3833333333333
Tue May 21 2024 20:06:00 GMT+0200 (Central European Summer Time),887.5666666666667
Tue May 21 2024 20:07:00 GMT+0200 (Central European Summer Time),867.8833333333333
Tue May 21 2024 20:08:00 GMT+0200 (Central European Summer Time),852.5666666666667
Tue May 21 2024 20:09:00 GMT+0200 (Central European Summer Time),888.0333333333333
Tue May 21 2024 20:10:00 GMT+0200 (Central European Summer Time),869.0666666666667
Tue May 21 2024 20:11:00 GMT+0200 (Central European Summer Time),873.0666666666667
Tue May 21 2024 20:12:00 GMT+0200 (Central European Summer Time),879.7666666666667
Tue May 21 2024 20:13:00 GMT+0200 (Central European Summer Time),794.3833333333333
Tue May 21 2024 20:14:00 GMT+0200 (Central European Summer Time),858.7
Tue May 21 2024 20:15:00 GMT+0200 (Central European Summer Time),889.35
Tue May 21 2024 20:16:00 GMT+0200 (Central European Summer Time),858.4666666666667
Tue May 21 2024 20:17:00 GMT+0200 (Central European Summer Time),1276.1333333333334
Tue May 21 2024 20:18:00 GMT+0200 (Central European Summer Time),1186.4
Tue May 21 2024 20:19:00 GMT+0200 (Central European Summer Time),879.5666666666667
Tue May 21 2024 20:20:00 GMT+0200 (Central European Summer Time),868.8333333333334
Tue May 21 2024 20:21:00 GMT+0200 (Central European Summer Time),1104.3333333333333
Tue May 21 2024 20:22:00 GMT+0200 (Central European Summer Time),1339.0333333333333
Tue May 21 2024 20:23:00 GMT+0200 (Central European Summer Time),1246.3666666666666
Tue May 21 2024 20:24:00 GMT+0200 (Central European Summer Time),1430.95
Tue May 21 2024 20:25:00 GMT+0200 (Central European Summer Time),1346.8666666666666
Tue May 21 2024 20:26:00 GMT+0200 (Central European Summer Time),1304.8333333333333
Tue May 21 2024 20:27:00 GMT+0200 (Central European Summer Time),1273.0666666666666
Tue May 21 2024 20:28:00 GMT+0200 (Central European Summer Time),942.7666666666667
Tue May 21 2024 20:29:00 GMT+0200 (Central European Summer Time),841.7833333333333
Tue May 21 2024 20:30:00 GMT+0200 (Central European Summer Time),883.6333333333333
Tue May 21 2024 20:31:00 GMT+0200 (Central European Summer Time),870.65
Tue May 21 2024 20:32:00 GMT+0200 (Central European Summer Time),887.8666666666667
Tue May 21 2024 20:33:00 GMT+0200 (Central European Summer Time),889.6833333333333
Tue May 21 2024 20:34:00 GMT+0200 (Central European Summer Time),791.1
Tue May 21 2024 20:35:00 GMT+0200 (Central European Summer Time),1064.7666666666667
Tue May 21 2024 20:36:00 GMT+0200 (Central European Summer Time),1302.6
Tue May 21 2024 20:37:00 GMT+0200 (Central European Summer Time),1165.7166666666667
Tue May 21 2024 20:38:00 GMT+0200 (Central European Summer Time),917.45
Tue May 21 2024 20:39:00 GMT+0200 (Central European Summer Time),912.4166666666666
Tue May 21 2024 20:40:00 GMT+0200 (Central European Summer Time),899.5166666666667
Tue May 21 2024 20:41:00 GMT+0200 (Central European Summer Time),892.3333333333334
Tue May 21 2024 20:42:00 GMT+0200 (Central European Summer Time),904.5833333333334
Tue May 21 2024 20:43:00 GMT+0200 (Central European Summer Time),887.1333333333333
Tue May 21 2024 20:44:00 GMT+0200 (Central European Summer Time),1134.7833333333333
Tue May 21 2024 20:45:00 GMT+0200 (Central European Summer Time),1145.5666666666666
Tue May 21 2024 20:46:00 GMT+0200 (Central European Summer Time),888.3166666666667
Tue May 21 2024 20:47:00 GMT+0200 (Central European Summer Time),869.7666666666667
Tue May 21 2024 20:48:00 GMT+0200 (Central European Summer Time),1585.0833333333333
Tue May 21 2024 20:49:00 GMT+0200 (Central European Summer Time),1169.7166666666667
Tue May 21 2024 20:50:00 GMT+0200 (Central European Summer Time),925.7333333333333
Tue May 21 2024 20:51:00 GMT+0200 (Central European Summer Time),896.9
Tue May 21 2024 20:52:00 GMT+0200 (Central European Summer Time),851.2333333333333
Tue May 21 2024 20:53:00 GMT+0200 (Central European Summer Time),861.65
Tue May 21 2024 20:54:00 GMT+0200 (Central European Summer Time),904.0833333333334
Tue May 21 2024 20:55:00 GMT+0200 (Central European Summer Time),796.6666666666666
Tue May 21 2024 20:56:00 GMT+0200 (Central European Summer Time),865.4166666666666
Tue May 21 2024 20:57:00 GMT+0200 (Central European Summer Time),895.85
Tue May 21 2024 20:58:00 GMT+0200 (Central European Summer Time),874.1833333333333
Tue May 21 2024 20:59:00 GMT+0200 (Central European Summer Time),885.4833333333333
Tue May 21 2024 21:00:00 GMT+0200 (Central European Summer Time),908.7833333333333
Tue May 21 2024 21:01:00 GMT+0200 (Central European Summer Time),872.3333333333334
Tue May 21 2024 21:02:00 GMT+0200 (Central European Summer Time),1156.7
Tue May 21 2024 21:03:00 GMT+0200 (Central European Summer Time),1258.0833333333333
Tue May 21 2024 21:04:00 GMT+0200 (Central European Summer Time),1176.3
Tue May 21 2024 21:05:00 GMT+0200 (Central European Summer Time),2350.8
Tue May 21 2024 21:06:00 GMT+0200 (Central European Summer Time),1152.4833333333333
Tue May 21 2024 21:07:00 GMT+0200 (Central European Summer Time),876.5
Tue May 21 2024 21:08:00 GMT+0200 (Central European Summer Time),881.4
Tue May 21 2024 21:09:00 GMT+0200 (Central European Summer Time),889.25
Tue May 21 2024 21:10:00 GMT+0200 (Central European Summer Time),860.0833333333334
Tue May 21 2024 21:11:00 GMT+0200 (Central European Summer Time),1059.0333333333333
Tue May 21 2024 21:12:00 GMT+0200 (Central European Summer Time),1360.85
Tue May 21 2024 21:13:00 GMT+0200 (Central European Summer Time),978.8166666666667
Tue May 21 2024 21:14:00 GMT+0200 (Central European Summer Time),878.9
Tue May 21 2024 21:15:00 GMT+0200 (Central European Summer Time),1204.0333333333333
Tue May 21 2024 21:16:00 GMT+0200 (Central European Summer Time),1029.8666666666666
Tue May 21 2024 21:17:00 GMT+0200 (Central European Summer Time),878.1333333333333
Tue May 21 2024 21:18:00 GMT+0200 (Central European Summer Time),1214.2
Tue May 21 2024 21:19:00 GMT+0200 (Central European Summer Time),1288.5
Tue May 21 2024 21:20:00 GMT+0200 (Central European Summer Time),1144.2166666666667
Tue May 21 2024 21:21:00 GMT+0200 (Central European Summer Time),921.4166666666666
Tue May 21 2024 21:22:00 GMT+0200 (Central European Summer Time),1464.75
Tue May 21 2024 21:23:00 GMT+0200 (Central European Summer Time),107298.15
Tue May 21 2024 21:24:00 GMT+0200 (Central European Summer Time),208733.91666666666
Tue May 21 2024 21:25:00 GMT+0200 (Central European Summer Time),35469.183333333334
Tue May 21 2024 21:26:00 GMT+0200 (Central European Summer Time),281.48333333333335
Tue May 21 2024 21:27:00 GMT+0200 (Central European Summer Time),196.7
Tue May 21 2024 21:28:00 GMT+0200 (Central European Summer Time),324.8
Tue May 21 2024 21:29:00 GMT+0200 (Central European Summer Time),290.1166666666667
Tue May 21 2024 21:30:00 GMT+0200 (Central European Summer Time),338.5833333333333
Tue May 21 2024 21:31:00 GMT+0200 (Central European Summer Time),371.8333333333333
Tue May 21 2024 21:32:00 GMT+0200 (Central European Summer Time),291.1166666666667
Tue May 21 2024 21:33:00 GMT+0200 (Central European Summer Time),299.43333333333334
Tue May 21 2024 21:34:00 GMT+0200 (Central European Summer Time),349.46666666666664
Tue May 21 2024 21:35:00 GMT+0200 (Central European Summer Time),279.76666666666665
Tue May 21 2024 21:36:00 GMT+0200 (Central European Summer Time),335.6666666666667
Tue May 21 2024 21:37:00 GMT+0200 (Central European Summer Time),358.1666666666667
Tue May 21 2024 21:38:00 GMT+0200 (Central European Summer Time),184.23333333333332
Tue May 21 2024 21:39:00 GMT+0200 (Central European Summer Time),279.71666666666664
Tue May 21 2024 21:40:00 GMT+0200 (Central European Summer Time),356.3333333333333
Tue May 21 2024 21:41:00 GMT+0200 (Central European Summer Time),312.8333333333333
Tue May 21 2024 21:42:00 GMT+0200 (Central European Summer Time),324.78333333333336
Tue May 21 2024 21:43:00 GMT+0200 (Central European Summer Time),368.6
Tue May 21 2024 21:44:00 GMT+0200 (Central European Summer Time),286.46666666666664
Tue May 21 2024 21:45:00 GMT+0200 (Central European Summer Time),307.68333333333334
Tue May 21 2024 21:46:00 GMT+0200 (Central European Summer Time),349.1333333333333
Tue May 21 2024 21:47:00 GMT+0200 (Central European Summer Time),312.15
Tue May 21 2024 21:48:00 GMT+0200 (Central European Summer Time),317.5833333333333
Tue May 21 2024 21:49:00 GMT+0200 (Central European Summer Time),254.33333333333334
Tue May 21 2024 21:50:00 GMT+0200 (Central European Summer Time),262.6166666666667
Tue May 21 2024 21:51:00 GMT+0200 (Central European Summer Time),299.46666666666664
Tue May 21 2024 21:52:00 GMT+0200 (Central European Summer Time),354.18333333333334
Tue May 21 2024 21:53:00 GMT+0200 (Central European Summer Time),312.1166666666667
Tue May 21 2024 21:54:00 GMT+0200 (Central European Summer Time),303.55
Tue May 21 2024 21:55:00 GMT+0200 (Central European Summer Time),346.43333333333334
Tue May 21 2024 21:56:00 GMT+0200 (Central European Summer Time),282.5833333333333
Tue May 21 2024 21:57:00 GMT+0200 (Central European Summer Time),298.01666666666665
Tue May 21 2024 21:58:00 GMT+0200 (Central European Summer Time),382.8666666666667
Tue May 21 2024 21:59:00 GMT+0200 (Central European Summer Time),233.31666666666666
Tue May 21 2024 22:00:00 GMT+0200 (Central European Summer Time),243.03333333333333
Tue May 21 2024 22:01:00 GMT+0200 (Central European Summer Time),355.73333333333335
Tue May 21 2024 22:02:00 GMT+0200 (Central European Summer Time),296.3666666666667
Tue May 21 2024 22:03:00 GMT+0200 (Central European Summer Time),307.4166666666667
Tue May 21 2024 22:04:00 GMT+0200 (Central European Summer Time),377.6
Tue May 21 2024 22:05:00 GMT+0200 (Central European Summer Time),294.6166666666667
Tue May 21 2024 22:06:00 GMT+0200 (Central European Summer Time),300.95
Tue May 21 2024 22:07:00 GMT+0200 (Central European Summer Time),352.6
Tue May 21 2024 22:08:00 GMT+0200 (Central European Summer Time),281.1333333333333
Tue May 21 2024 22:09:00 GMT+0200 (Central European Summer Time),330.3
Tue May 21 2024 22:10:00 GMT+0200 (Central European Summer Time),249.85
Tue May 21 2024 22:11:00 GMT+0200 (Central European Summer Time),275.8833333333333
Tue May 21 2024 22:12:00 GMT+0200 (Central European Summer Time),287.45
Tue May 21 2024 22:13:00 GMT+0200 (Central European Summer Time),359.1166666666667
Tue May 21 2024 22:14:00 GMT+0200 (Central European Summer Time),282.9
Tue May 21 2024 22:15:00 GMT+0200 (Central European Summer Time),333.1166666666667
Tue May 21 2024 22:16:00 GMT+0200 (Central European Summer Time),361.51666666666665
Tue May 21 2024 22:17:00 GMT+0200 (Central European Summer Time),284.55
Tue May 21 2024 22:18:00 GMT+0200 (Central European Summer Time),301.5
Tue May 21 2024 22:19:00 GMT+0200 (Central European Summer Time),349.56666666666666
Tue May 21 2024 22:20:00 GMT+0200 (Central European Summer Time),284.26666666666665
Tue May 21 2024 22:21:00 GMT+0200 (Central European Summer Time),229.33333333333334
Tue May 21 2024 22:22:00 GMT+0200 (Central European Summer Time),321.2
Tue May 21 2024 22:23:00 GMT+0200 (Central European Summer Time),298.9
Tue May 21 2024 22:24:00 GMT+0200 (Central European Summer Time),300.5
Tue May 21 2024 22:25:00 GMT+0200 (Central European Summer Time),272.75
Tue May 21 2024 22:26:00 GMT+0200 (Central European Summer Time),392.5
Tue May 21 2024 22:27:00 GMT+0200 (Central European Summer Time),310.6
Tue May 21 2024 22:28:00 GMT+0200 (Central European Summer Time),274.6
Tue May 21 2024 22:29:00 GMT+0200 (Central European Summer Time),360.23333333333335
Tue May 21 2024 22:30:00 GMT+0200 (Central European Summer Time),306.0833333333333
Tue May 21 2024 22:31:00 GMT+0200 (Central European Summer Time),280.6
Tue May 21 2024 22:32:00 GMT+0200 (Central European Summer Time),308.4
Tue May 21 2024 22:33:00 GMT+0200 (Central European Summer Time),307.05
Tue May 21 2024 22:34:00 GMT+0200 (Central European Summer Time),271.96666666666664
Tue May 21 2024 22:35:00 GMT+0200 (Central European Summer Time),351.98333333333335
Tue May 21 2024 22:36:00 GMT+0200 (Central European Summer Time),318.35
Tue May 21 2024 22:37:00 GMT+0200 (Central European Summer Time),304.8666666666667
Tue May 21 2024 22:38:00 GMT+0200 (Central European Summer Time),358.55
Tue May 21 2024 22:39:00 GMT+0200 (Central European Summer Time),295.48333333333335
Tue May 21 2024 22:40:00 GMT+0200 (Central European Summer Time),287.73333333333335
Tue May 21 2024 22:41:00 GMT+0200 (Central European Summer Time),384.18333333333334
Tue May 21 2024 22:42:00 GMT+0200 (Central European Summer Time),225.71666666666667
Tue May 21 2024 22:43:00 GMT+0200 (Central European Summer Time),282.5833333333333
Tue May 21 2024 22:44:00 GMT+0200 (Central European Summer Time),346.06666666666666
Tue May 21 2024 22:45:00 GMT+0200 (Central European Summer Time),316.3666666666667
Tue May 21 2024 22:46:00 GMT+0200 (Central European Summer Time),277.85
Tue May 21 2024 22:47:00 GMT+0200 (Central European Summer Time),339.71666666666664
Tue May 21 2024 22:48:00 GMT+0200 (Central European Summer Time),316.95
Tue May 21 2024 22:49:00 GMT+0200 (Central European Summer Time),309.85
Tue May 21 2024 22:50:00 GMT+0200 (Central European Summer Time),355.23333333333335
Tue May 21 2024 22:51:00 GMT+0200 (Central European Summer Time),312.5833333333333
Tue May 21 2024 22:52:00 GMT+0200 (Central European Summer Time),277.9166666666667
Tue May 21 2024 22:53:00 GMT+0200 (Central European Summer Time),245
Tue May 21 2024 22:54:00 GMT+0200 (Central European Summer Time),326.98333333333335
Tue May 21 2024 22:55:00 GMT+0200 (Central European Summer Time),278.46666666666664
Tue May 21 2024 22:56:00 GMT+0200 (Central European Summer Time),345.98333333333335
Tue May 21 2024 22:57:00 GMT+0200 (Central European Summer Time),317.23333333333335
Tue May 21 2024 22:58:00 GMT+0200 (Central European Summer Time),269.18333333333334
Tue May 21 2024 22:59:00 GMT+0200 (Central European Summer Time),359.4166666666667
Tue May 21 2024 23:00:00 GMT+0200 (Central European Summer Time),337.05
Tue May 21 2024 23:01:00 GMT+0200 (Central European Summer Time),298.43333333333334
Tue May 21 2024 23:02:00 GMT+0200 (Central European Summer Time),351.6666666666667
Tue May 21 2024 23:03:00 GMT+0200 (Central European Summer Time),315.23333333333335
Tue May 21 2024 23:04:00 GMT+0200 (Central European Summer Time),171.88333333333333
Tue May 21 2024 23:05:00 GMT+0200 (Central European Summer Time),356.71666666666664
Tue May 21 2024 23:06:00 GMT+0200 (Central European Summer Time),319.0833333333333
Tue May 21 2024 23:07:00 GMT+0200 (Central European Summer Time),274.6333333333333
Tue May 21 2024 23:08:00 GMT+0200 (Central European Summer Time),348.05
Tue May 21 2024 23:09:00 GMT+0200 (Central European Summer Time),302.43333333333334
Tue May 21 2024 23:10:00 GMT+0200 (Central European Summer Time),281.45
Tue May 21 2024 23:11:00 GMT+0200 (Central European Summer Time),375.1666666666667
Tue May 21 2024 23:12:00 GMT+0200 (Central European Summer Time),316.18333333333334
Tue May 21 2024 23:13:00 GMT+0200 (Central European Summer Time),272.48333333333335
Tue May 21 2024 23:14:00 GMT+0200 (Central European Summer Time),268.5
Tue May 21 2024 23:15:00 GMT+0200 (Central European Summer Time),301.53333333333336
Tue May 21 2024 23:16:00 GMT+0200 (Central European Summer Time),284.43333333333334
Tue May 21 2024 23:17:00 GMT+0200 (Central European Summer Time),400.56666666666666
Tue May 21 2024 23:18:00 GMT+0200 (Central European Summer Time),313.1166666666667
Tue May 21 2024 23:19:00 GMT+0200 (Central European Summer Time),320.8333333333333
Tue May 21 2024 23:20:00 GMT+0200 (Central European Summer Time),352.3666666666667
Tue May 21 2024 23:21:00 GMT+0200 (Central European Summer Time),311.31666666666666
Tue May 21 2024 23:22:00 GMT+0200 (Central European Summer Time),304.5833333333333
Tue May 21 2024 23:23:00 GMT+0200 (Central European Summer Time),355.46666666666664
Tue May 21 2024 23:24:00 GMT+0200 (Central European Summer Time),308.8333333333333
Tue May 21 2024 23:25:00 GMT+0200 (Central European Summer Time),171.1
Tue May 21 2024 23:26:00 GMT+0200 (Central European Summer Time),329.85
Tue May 21 2024 23:27:00 GMT+0200 (Central European Summer Time),309.95
Tue May 21 2024 23:28:00 GMT+0200 (Central European Summer Time),311.76666666666665
Tue May 21 2024 23:29:00 GMT+0200 (Central European Summer Time),362.48333333333335
Tue May 21 2024 23:30:00 GMT+0200 (Central European Summer Time),300.18333333333334
Tue May 21 2024 23:31:00 GMT+0200 (Central European Summer Time),270.98333333333335
Tue May 21 2024 23:32:00 GMT+0200 (Central European Summer Time),361.93333333333334
Tue May 21 2024 23:33:00 GMT+0200 (Central European Summer Time),338.0833333333333
Tue May 21 2024 23:34:00 GMT+0200 (Central European Summer Time),290.46666666666664
Tue May 21 2024 23:35:00 GMT+0200 (Central European Summer Time),344.5
Tue May 21 2024 23:36:00 GMT+0200 (Central European Summer Time),208.2
Tue May 21 2024 23:37:00 GMT+0200 (Central European Summer Time),254.98333333333332
Tue May 21 2024 23:38:00 GMT+0200 (Central European Summer Time),346.7
Tue May 21 2024 23:39:00 GMT+0200 (Central European Summer Time),345.5
Tue May 21 2024 23:40:00 GMT+0200 (Central European Summer Time),276.1666666666667
Tue May 21 2024 23:41:00 GMT+0200 (Central European Summer Time),376.01666666666665
Tue May 21 2024 23:42:00 GMT+0200 (Central European Summer Time),302.81666666666666
Tue May 21 2024 23:43:00 GMT+0200 (Central European Summer Time),288.21666666666664
Tue May 21 2024 23:44:00 GMT+0200 (Central European Summer Time),347.8666666666667
Tue May 21 2024 23:45:00 GMT+0200 (Central European Summer Time),359.96666666666664
Tue May 21 2024 23:46:00 GMT+0200 (Central European Summer Time),284.23333333333335
Tue May 21 2024 23:47:00 GMT+0200 (Central European Summer Time),249.31666666666666
Tue May 21 2024 23:48:00 GMT+0200 (Central European Summer Time),304.0833333333333
Tue May 21 2024 23:49:00 GMT+0200 (Central European Summer Time),272.28333333333336
Tue May 21 2024 23:50:00 GMT+0200 (Central European Summer Time),381.1
Tue May 21 2024 23:51:00 GMT+0200 (Central European Summer Time),320.8833333333333
Tue May 21 2024 23:52:00 GMT+0200 (Central European Summer Time),270.71666666666664
Tue May 21 2024 23:53:00 GMT+0200 (Central European Summer Time),345.6
Tue May 21 2024 23:54:00 GMT+0200 (Central European Summer Time),317.05
Tue May 21 2024 23:55:00 GMT+0200 (Central European Summer Time),269.56666666666666
Tue May 21 2024 23:56:00 GMT+0200 (Central European Summer Time),390.4166666666667
Tue May 21 2024 23:57:00 GMT+0200 (Central European Summer Time),310.6666666666667
Tue May 21 2024 23:58:00 GMT+0200 (Central European Summer Time),219.01666666666668
Tue May 21 2024 23:59:00 GMT+0200 (Central European Summer Time),338.03333333333336
Wed May 22 2024 00:00:00 GMT+0200 (Central European Summer Time),322.21666666666664
Wed May 22 2024 00:01:00 GMT+0200 (Central European Summer Time),311.96666666666664
Wed May 22 2024 00:02:00 GMT+0200 (Central European Summer Time),343.6666666666667
Wed May 22 2024 00:03:00 GMT+0200 (Central European Summer Time),313.26666666666665
Wed May 22 2024 00:04:00 GMT+0200 (Central European Summer Time),272.76666666666665
Wed May 22 2024 00:05:00 GMT+0200 (Central European Summer Time),349.1166666666667
Wed May 22 2024 00:06:00 GMT+0200 (Central European Summer Time),319.03333333333336
Wed May 22 2024 00:07:00 GMT+0200 (Central European Summer Time),306.53333333333336
Wed May 22 2024 00:08:00 GMT+0200 (Central European Summer Time),360.05
Wed May 22 2024 00:09:00 GMT+0200 (Central European Summer Time),212.41666666666666
Wed May 22 2024 00:10:00 GMT+0200 (Central European Summer Time),266.9166666666667
Wed May 22 2024 00:11:00 GMT+0200 (Central European Summer Time),357.96666666666664
Wed May 22 2024 00:12:00 GMT+0200 (Central European Summer Time),324.55
Wed May 22 2024 00:13:00 GMT+0200 (Central European Summer Time),313.1333333333333
Wed May 22 2024 00:14:00 GMT+0200 (Central European Summer Time),351.1166666666667
Wed May 22 2024 00:15:00 GMT+0200 (Central European Summer Time),314.25
Wed May 22 2024 00:16:00 GMT+0200 (Central European Summer Time),279.05
Wed May 22 2024 00:17:00 GMT+0200 (Central European Summer Time),361.35
Wed May 22 2024 00:18:00 GMT+0200 (Central European Summer Time),333.53333333333336
Wed May 22 2024 00:19:00 GMT+0200 (Central European Summer Time),234.68333333333334
Wed May 22 2024 00:20:00 GMT+0200 (Central European Summer Time),324.95
Wed May 22 2024 00:21:00 GMT+0200 (Central European Summer Time),298.23333333333335
Wed May 22 2024 00:22:00 GMT+0200 (Central European Summer Time),271.8333333333333
Wed May 22 2024 00:23:00 GMT+0200 (Central European Summer Time),358.26666666666665
Wed May 22 2024 00:24:00 GMT+0200 (Central European Summer Time),329.28333333333336
Wed May 22 2024 00:25:00 GMT+0200 (Central European Summer Time),273.05
Wed May 22 2024 00:26:00 GMT+0200 (Central European Summer Time),283.9166666666667
Wed May 22 2024 00:27:00 GMT+0200 (Central European Summer Time),287.9
Wed May 22 2024 00:28:00 GMT+0200 (Central European Summer Time),282.81666666666666
Wed May 22 2024 00:29:00 GMT+0200 (Central European Summer Time),302.1333333333333
Wed May 22 2024 00:30:00 GMT+0200 (Central European Summer Time),202.45
Wed May 22 2024 00:31:00 GMT+0200 (Central European Summer Time),257.4166666666667
Wed May 22 2024 00:32:00 GMT+0200 (Central European Summer Time),265.1166666666667
Wed May 22 2024 00:33:00 GMT+0200 (Central European Summer Time),297.26666666666665
Wed May 22 2024 00:34:00 GMT+0200 (Central European Summer Time),273.81666666666666
Wed May 22 2024 00:35:00 GMT+0200 (Central European Summer Time),312.21666666666664
Wed May 22 2024 00:36:00 GMT+0200 (Central European Summer Time),303.05
Wed May 22 2024 00:37:00 GMT+0200 (Central European Summer Time),285.21666666666664
Wed May 22 2024 00:38:00 GMT+0200 (Central European Summer Time),266.18333333333334
Wed May 22 2024 00:39:00 GMT+0200 (Central European Summer Time),300.5
Wed May 22 2024 00:40:00 GMT+0200 (Central European Summer Time),276.98333333333335
Wed May 22 2024 00:41:00 GMT+0200 (Central European Summer Time),239.41666666666666
Wed May 22 2024 00:42:00 GMT+0200 (Central European Summer Time),287.5833333333333
Wed May 22 2024 00:43:00 GMT+0200 (Central European Summer Time),273.48333333333335
Wed May 22 2024 00:44:00 GMT+0200 (Central European Summer Time),270.8833333333333
Wed May 22 2024 00:45:00 GMT+0200 (Central European Summer Time),303.6
Wed May 22 2024 00:46:00 GMT+0200 (Central European Summer Time),310.8666666666667
Wed May 22 2024 00:47:00 GMT+0200 (Central European Summer Time),269.51666666666665
Wed May 22 2024 00:48:00 GMT+0200 (Central European Summer Time),296.95
Wed May 22 2024 00:49:00 GMT+0200 (Central European Summer Time),278.28333333333336